ISO-10303-21;
HEADER;
FILE_DESCRIPTION(('FreeCAD Model'),'2;1');
FILE_NAME('Open CASCADE Shape Model','2026-02-16T16:51:48',(''),(''),
  'Open CASCADE STEP processor 7.8','FreeCAD','Unknown');
FILE_SCHEMA(('AUTOMOTIVE_DESIGN { 1 0 10303 214 1 1 1 1 }'));
ENDSEC;
DATA;
#1 = APPLICATION_PROTOCOL_DEFINITION('international standard',
  'automotive_design',2000,#2);
#2 = APPLICATION_CONTEXT(
  'core data for automotive mechanical design processes');
#3 = SHAPE_DEFINITION_REPRESENTATION(#4,#10);
#4 = PRODUCT_DEFINITION_SHAPE('','',#5);
#5 = PRODUCT_DEFINITION('design','',#6,#9);
#6 = PRODUCT_DEFINITION_FORMATION('','',#7);
#7 = PRODUCT('Body','Body','',(#8));
#8 = PRODUCT_CONTEXT('',#2,'mechanical');
#9 = PRODUCT_DEFINITION_CONTEXT('part definition',#2,'design');
#10 = ADVANCED_BREP_SHAPE_REPRESENTATION('',(#11,#15),#1897);
#11 = AXIS2_PLACEMENT_3D('',#12,#13,#14);
#12 = CARTESIAN_POINT('',(0.,0.,0.));
#13 = DIRECTION('',(0.,0.,1.));
#14 = DIRECTION('',(1.,0.,-0.));
#15 = MANIFOLD_SOLID_BREP('',#16);
#16 = CLOSED_SHELL('',(#17,#50,#75,#95,#115,#140,#165,#174,#222,#269,
    #290,#339,#386,#420,#469,#516,#550,#599,#646,#680,#729,#776,#810,
    #859,#906,#940,#989,#1036,#1070,#1119,#1162,#1196,#1207,#1286,#1310,
    #1366,#1431,#1481,#1505,#1529,#1553,#1620,#1644,#1661,#1673,#1697,
    #1714,#1726,#1750,#1774,#1791,#1804,#1830,#1843,#1863,#1888));
#17 = ADVANCED_FACE('',(#18),#45,.F.);
#18 = FACE_BOUND('',#19,.T.);
#19 = EDGE_LOOP('',(#20,#29,#37,#44));
#20 = ORIENTED_EDGE('',*,*,#21,.T.);
#21 = EDGE_CURVE('',#22,#22,#24,.T.);
#22 = VERTEX_POINT('',#23);
#23 = CARTESIAN_POINT('',(11.52,-7.E-15,-1.575));
#24 = CIRCLE('',#25,1.95);
#25 = AXIS2_PLACEMENT_3D('',#26,#27,#28);
#26 = CARTESIAN_POINT('',(11.52,-3.8E-15,0.375));
#27 = DIRECTION('',(1.,1.1E-16,4.4E-16));
#28 = DIRECTION('',(4.4E-16,-1.1E-16,-1.));
#29 = ORIENTED_EDGE('',*,*,#30,.T.);
#30 = EDGE_CURVE('',#22,#31,#33,.T.);
#31 = VERTEX_POINT('',#32);
#32 = CARTESIAN_POINT('',(9.02,-6.E-15,-1.575));
#33 = LINE('',#34,#35);
#34 = CARTESIAN_POINT('',(11.52,-1.1E-15,-1.575));
#35 = VECTOR('',#36,1.);
#36 = DIRECTION('',(-1.,1.1E-16,2.2E-16));
#37 = ORIENTED_EDGE('',*,*,#38,.F.);
#38 = EDGE_CURVE('',#31,#31,#39,.T.);
#39 = CIRCLE('',#40,1.95);
#40 = AXIS2_PLACEMENT_3D('',#41,#42,#43);
#41 = CARTESIAN_POINT('',(9.02,-2.96E-15,0.375));
#42 = DIRECTION('',(1.,1.1E-16,4.4E-16));
#43 = DIRECTION('',(4.4E-16,-1.1E-16,-1.));
#44 = ORIENTED_EDGE('',*,*,#30,.F.);
#45 = CYLINDRICAL_SURFACE('',#46,1.95);
#46 = AXIS2_PLACEMENT_3D('',#47,#48,#49);
#47 = CARTESIAN_POINT('',(11.52,-3.8E-15,0.375));
#48 = DIRECTION('',(-1.,3.3E-16,0.));
#49 = DIRECTION('',(-3.63E-32,-1.1E-16,-1.));
#50 = ADVANCED_FACE('',(#51),#70,.F.);
#51 = FACE_BOUND('',#52,.F.);
#52 = EDGE_LOOP('',(#53,#54,#62,#69));
#53 = ORIENTED_EDGE('',*,*,#21,.T.);
#54 = ORIENTED_EDGE('',*,*,#55,.T.);
#55 = EDGE_CURVE('',#22,#56,#58,.T.);
#56 = VERTEX_POINT('',#57);
#57 = CARTESIAN_POINT('',(11.62,-7.E-15,-1.675));
#58 = LINE('',#59,#60);
#59 = CARTESIAN_POINT('',(11.52,-1.1E-15,-1.575));
#60 = VECTOR('',#61,1.);
#61 = DIRECTION('',(0.707106781187,-0.,-0.707106781187));
#62 = ORIENTED_EDGE('',*,*,#63,.F.);
#63 = EDGE_CURVE('',#56,#56,#64,.T.);
#64 = CIRCLE('',#65,2.05);
#65 = AXIS2_PLACEMENT_3D('',#66,#67,#68);
#66 = CARTESIAN_POINT('',(11.62,-3.83E-15,0.375));
#67 = DIRECTION('',(1.,1.1E-16,4.4E-16));
#68 = DIRECTION('',(4.4E-16,-1.1E-16,-1.));
#69 = ORIENTED_EDGE('',*,*,#55,.F.);
#70 = CONICAL_SURFACE('',#71,1.95,0.785398163397);
#71 = AXIS2_PLACEMENT_3D('',#72,#73,#74);
#72 = CARTESIAN_POINT('',(11.52,-3.8E-15,0.375));
#73 = DIRECTION('',(1.,-3.3E-16,0.));
#74 = DIRECTION('',(-3.63E-32,-1.1E-16,-1.));
#75 = ADVANCED_FACE('',(#76,#79),#90,.F.);
#76 = FACE_BOUND('',#77,.T.);
#77 = EDGE_LOOP('',(#78));
#78 = ORIENTED_EDGE('',*,*,#38,.T.);
#79 = FACE_BOUND('',#80,.T.);
#80 = EDGE_LOOP('',(#81));
#81 = ORIENTED_EDGE('',*,*,#82,.F.);
#82 = EDGE_CURVE('',#83,#83,#85,.T.);
#83 = VERTEX_POINT('',#84);
#84 = CARTESIAN_POINT('',(9.02,-5.E-15,-4.999999999996E-03));
#85 = CIRCLE('',#86,0.38);
#86 = AXIS2_PLACEMENT_3D('',#87,#88,#89);
#87 = CARTESIAN_POINT('',(9.02,-2.96E-15,0.375));
#88 = DIRECTION('',(1.,1.1E-16,4.4E-16));
#89 = DIRECTION('',(4.4E-16,-1.1E-16,-1.));
#90 = PLANE('',#91);
#91 = AXIS2_PLACEMENT_3D('',#92,#93,#94);
#92 = CARTESIAN_POINT('',(9.02,-2.96E-15,0.375));
#93 = DIRECTION('',(-1.,3.3E-16,0.));
#94 = DIRECTION('',(3.63E-32,1.1E-16,1.));
#95 = ADVANCED_FACE('',(#96,#99),#110,.T.);
#96 = FACE_BOUND('',#97,.F.);
#97 = EDGE_LOOP('',(#98));
#98 = ORIENTED_EDGE('',*,*,#63,.T.);
#99 = FACE_BOUND('',#100,.F.);
#100 = EDGE_LOOP('',(#101));
#101 = ORIENTED_EDGE('',*,*,#102,.F.);
#102 = EDGE_CURVE('',#103,#103,#105,.T.);
#103 = VERTEX_POINT('',#104);
#104 = CARTESIAN_POINT('',(11.62,-8.E-15,-2.275));
#105 = CIRCLE('',#106,2.65);
#106 = AXIS2_PLACEMENT_3D('',#107,#108,#109);
#107 = CARTESIAN_POINT('',(11.62,-3.83E-15,0.375));
#108 = DIRECTION('',(1.,1.1E-16,4.4E-16));
#109 = DIRECTION('',(4.4E-16,-1.1E-16,-1.));
#110 = PLANE('',#111);
#111 = AXIS2_PLACEMENT_3D('',#112,#113,#114);
#112 = CARTESIAN_POINT('',(11.62,-3.83E-15,0.375));
#113 = DIRECTION('',(1.,-3.3E-16,0.));
#114 = DIRECTION('',(-3.63E-32,-1.1E-16,-1.));
#115 = ADVANCED_FACE('',(#116),#135,.F.);
#116 = FACE_BOUND('',#117,.T.);
#117 = EDGE_LOOP('',(#118,#119,#127,#134));
#118 = ORIENTED_EDGE('',*,*,#82,.T.);
#119 = ORIENTED_EDGE('',*,*,#120,.T.);
#120 = EDGE_CURVE('',#83,#121,#123,.T.);
#121 = VERTEX_POINT('',#122);
#122 = CARTESIAN_POINT('',(7.02,-4.E-15,-4.999999999997E-03));
#123 = LINE('',#124,#125);
#124 = CARTESIAN_POINT('',(9.02,-1.E-15,-5.E-03));
#125 = VECTOR('',#126,1.);
#126 = DIRECTION('',(-1.,1.1E-16,2.2E-16));
#127 = ORIENTED_EDGE('',*,*,#128,.F.);
#128 = EDGE_CURVE('',#121,#121,#129,.T.);
#129 = CIRCLE('',#130,0.38);
#130 = AXIS2_PLACEMENT_3D('',#131,#132,#133);
#131 = CARTESIAN_POINT('',(7.02,-2.3E-15,0.375));
#132 = DIRECTION('',(1.,1.1E-16,4.4E-16));
#133 = DIRECTION('',(4.4E-16,-1.1E-16,-1.));
#134 = ORIENTED_EDGE('',*,*,#120,.F.);
#135 = CYLINDRICAL_SURFACE('',#136,0.38);
#136 = AXIS2_PLACEMENT_3D('',#137,#138,#139);
#137 = CARTESIAN_POINT('',(9.02,-2.96E-15,0.375));
#138 = DIRECTION('',(-1.,3.3E-16,0.));
#139 = DIRECTION('',(-3.63E-32,-1.1E-16,-1.));
#140 = ADVANCED_FACE('',(#141),#160,.T.);
#141 = FACE_BOUND('',#142,.F.);
#142 = EDGE_LOOP('',(#143,#144,#152,#159));
#143 = ORIENTED_EDGE('',*,*,#102,.T.);
#144 = ORIENTED_EDGE('',*,*,#145,.T.);
#145 = EDGE_CURVE('',#103,#146,#148,.T.);
#146 = VERTEX_POINT('',#147);
#147 = CARTESIAN_POINT('',(11.52,-8.E-15,-2.375));
#148 = LINE('',#149,#150);
#149 = CARTESIAN_POINT('',(11.62,-1.04E-15,-2.275));
#150 = VECTOR('',#151,1.);
#151 = DIRECTION('',(-0.707106781187,1.6E-16,-0.707106781187));
#152 = ORIENTED_EDGE('',*,*,#153,.F.);
#153 = EDGE_CURVE('',#146,#146,#154,.T.);
#154 = CIRCLE('',#155,2.75);
#155 = AXIS2_PLACEMENT_3D('',#156,#157,#158);
#156 = CARTESIAN_POINT('',(11.52,-3.8E-15,0.375));
#157 = DIRECTION('',(1.,1.1E-16,4.4E-16));
#158 = DIRECTION('',(4.4E-16,-1.1E-16,-1.));
#159 = ORIENTED_EDGE('',*,*,#145,.F.);
#160 = CONICAL_SURFACE('',#161,2.65,0.785398163397);
#161 = AXIS2_PLACEMENT_3D('',#162,#163,#164);
#162 = CARTESIAN_POINT('',(11.62,-3.83E-15,0.375));
#163 = DIRECTION('',(-1.,3.3E-16,0.));
#164 = DIRECTION('',(-3.63E-32,-1.1E-16,-1.));
#165 = ADVANCED_FACE('',(#166),#169,.F.);
#166 = FACE_BOUND('',#167,.T.);
#167 = EDGE_LOOP('',(#168));
#168 = ORIENTED_EDGE('',*,*,#128,.T.);
#169 = PLANE('',#170);
#170 = AXIS2_PLACEMENT_3D('',#171,#172,#173);
#171 = CARTESIAN_POINT('',(7.02,-2.3E-15,0.375));
#172 = DIRECTION('',(-1.,3.3E-16,0.));
#173 = DIRECTION('',(3.63E-32,1.1E-16,1.));
#174 = ADVANCED_FACE('',(#175),#217,.T.);
#175 = FACE_BOUND('',#176,.T.);
#176 = EDGE_LOOP('',(#177,#187,#203,#209,#210,#211));
#177 = ORIENTED_EDGE('',*,*,#178,.F.);
#178 = EDGE_CURVE('',#179,#181,#183,.T.);
#179 = VERTEX_POINT('',#180);
#180 = CARTESIAN_POINT('',(10.215600000716,-2.75953E-10,-2.374999966477)
  );
#181 = VERTEX_POINT('',#182);
#182 = CARTESIAN_POINT('',(10.220000000949,-1.87187E-10,-2.374999955449)
  );
#183 = LINE('',#184,#185);
#184 = CARTESIAN_POINT('',(3.75,-1.5E-16,-2.375));
#185 = VECTOR('',#186,1.);
#186 = DIRECTION('',(1.,-1.1E-16,-2.2E-16));
#187 = ORIENTED_EDGE('',*,*,#188,.T.);
#188 = EDGE_CURVE('',#179,#189,#191,.T.);
#189 = VERTEX_POINT('',#190);
#190 = CARTESIAN_POINT('',(10.925600000948,-1.87265E-10,-2.374999955451)
  );
#191 = B_SPLINE_CURVE_WITH_KNOTS('',10,(#192,#193,#194,#195,#196,#197,
    #198,#199,#200,#201,#202),.UNSPECIFIED.,.F.,.F.,(11,11),(0.,
    6.284809127382),.PIECEWISE_BEZIER_KNOTS.);
#192 = CARTESIAN_POINT('',(10.215600000716,-2.7595189E-10,
    -2.374999966477));
#193 = CARTESIAN_POINT('',(10.286600000313,1.727875954792,
    -2.374999985623));
#194 = CARTESIAN_POINT('',(10.357600003411,3.457141444622,
    -1.168974334642));
#195 = CARTESIAN_POINT('',(10.42859999048,4.227826947144,1.245890898776)
  );
#196 = CARTESIAN_POINT('',(10.499600023631,3.148133200055,4.003479929062
    ));
#197 = CARTESIAN_POINT('',(10.57059996678,-1.789485299E-08,
    5.464203128714));
#198 = CARTESIAN_POINT('',(10.641600034728,-3.148133166649,
    4.003480449872));
#199 = CARTESIAN_POINT('',(10.712599977241,-4.22782696769,1.245890280896
    ));
#200 = CARTESIAN_POINT('',(10.783600011378,-3.457141435368,
    -1.168973961529));
#201 = CARTESIAN_POINT('',(10.8545999978,-1.727875958683,-2.375000102534
    ));
#202 = CARTESIAN_POINT('',(10.925600000948,-1.8726373E-10,
    -2.374999955451));
#203 = ORIENTED_EDGE('',*,*,#204,.T.);
#204 = EDGE_CURVE('',#189,#146,#205,.T.);
#205 = LINE('',#206,#207);
#206 = CARTESIAN_POINT('',(3.75,-1.5E-16,-2.375));
#207 = VECTOR('',#208,1.);
#208 = DIRECTION('',(1.,-1.1E-16,-2.2E-16));
#209 = ORIENTED_EDGE('',*,*,#153,.F.);
#210 = ORIENTED_EDGE('',*,*,#204,.F.);
#211 = ORIENTED_EDGE('',*,*,#212,.F.);
#212 = EDGE_CURVE('',#181,#189,#213,.T.);
#213 = LINE('',#214,#215);
#214 = CARTESIAN_POINT('',(3.75,-1.5E-16,-2.375));
#215 = VECTOR('',#216,1.);
#216 = DIRECTION('',(1.,-1.1E-16,-2.2E-16));
#217 = CYLINDRICAL_SURFACE('',#218,2.75);
#218 = AXIS2_PLACEMENT_3D('',#219,#220,#221);
#219 = CARTESIAN_POINT('',(3.75,-1.21E-15,0.375));
#220 = DIRECTION('',(1.,-3.3E-16,0.));
#221 = DIRECTION('',(-3.63E-32,-1.1E-16,-1.));
#222 = ADVANCED_FACE('',(#223),#264,.T.);
#223 = FACE_BOUND('',#224,.T.);
#224 = EDGE_LOOP('',(#225,#235,#249,#250));
#225 = ORIENTED_EDGE('',*,*,#226,.F.);
#226 = EDGE_CURVE('',#227,#229,#231,.T.);
#227 = VERTEX_POINT('',#228);
#228 = CARTESIAN_POINT('',(9.505600000579,-1.55559E-10,-2.374999972857)
  );
#229 = VERTEX_POINT('',#230);
#230 = CARTESIAN_POINT('',(9.510000000715,-2.75894E-10,-2.374999966475)
  );
#231 = LINE('',#232,#233);
#232 = CARTESIAN_POINT('',(3.75,-1.5E-16,-2.375));
#233 = VECTOR('',#234,1.);
#234 = DIRECTION('',(1.,-1.1E-16,-2.2E-16));
#235 = ORIENTED_EDGE('',*,*,#236,.T.);
#236 = EDGE_CURVE('',#227,#179,#237,.T.);
#237 = B_SPLINE_CURVE_WITH_KNOTS('',10,(#238,#239,#240,#241,#242,#243,
    #244,#245,#246,#247,#248),.UNSPECIFIED.,.F.,.F.,(11,11),(0.,
    6.284809127382),.PIECEWISE_BEZIER_KNOTS.);
#238 = CARTESIAN_POINT('',(9.505600000579,-1.5549917E-10,-2.374999972857
    ));
#239 = CARTESIAN_POINT('',(9.576600000734,1.727875959745,-2.374999965914
    ));
#240 = CARTESIAN_POINT('',(9.647600000758,3.457141437857,-1.168974455006
    ));
#241 = CARTESIAN_POINT('',(9.718599998684,4.227826970858,1.245891266795)
  );
#242 = CARTESIAN_POINT('',(9.789600006397,3.14813318573,4.003479187359)
  );
#243 = CARTESIAN_POINT('',(9.860599990928,-7.80312199E-09,5.464204182068
    ));
#244 = CARTESIAN_POINT('',(9.931600010987,-3.148133172289,4.003479416405
    ));
#245 = CARTESIAN_POINT('',(10.002599993167,-4.227826973718,
    1.245890998924));
#246 = CARTESIAN_POINT('',(10.073600004121,-3.45714143874,
    -1.168974292577));
#247 = CARTESIAN_POINT('',(10.144599999631,-1.727875961057,
    -2.375000016952));
#248 = CARTESIAN_POINT('',(10.215600000716,-2.7601433E-10,
    -2.374999966477));
#249 = ORIENTED_EDGE('',*,*,#178,.T.);
#250 = ORIENTED_EDGE('',*,*,#251,.F.);
#251 = EDGE_CURVE('',#229,#181,#252,.T.);
#252 = B_SPLINE_CURVE_WITH_KNOTS('',10,(#253,#254,#255,#256,#257,#258,
    #259,#260,#261,#262,#263),.UNSPECIFIED.,.F.,.F.,(11,11),(0.,
    6.284809127382),.PIECEWISE_BEZIER_KNOTS.);
#253 = CARTESIAN_POINT('',(9.510000000715,-2.7589121E-10,-2.374999966475
    ));
#254 = CARTESIAN_POINT('',(9.581000000312,1.727875954792,-2.374999985622
    ));
#255 = CARTESIAN_POINT('',(9.652000003431,3.45714144462,-1.168974334635)
  );
#256 = CARTESIAN_POINT('',(9.722999990423,4.227826947141,1.245890898754)
  );
#257 = CARTESIAN_POINT('',(9.79400002373,3.148133200053,4.003479929106)
  );
#258 = CARTESIAN_POINT('',(9.864999966671,-1.789417886E-08,
    5.464203128642));
#259 = CARTESIAN_POINT('',(9.9360000348,-3.148133166647,4.003480449941)
  );
#260 = CARTESIAN_POINT('',(10.006999977216,-4.227826967688,
    1.245890280845));
#261 = CARTESIAN_POINT('',(10.078000011382,-3.457141435366,
    -1.168973961504));
#262 = CARTESIAN_POINT('',(10.148999997801,-1.727875958682,
    -2.375000102539));
#263 = CARTESIAN_POINT('',(10.220000000949,-1.8718528E-10,
    -2.374999955449));
#264 = CYLINDRICAL_SURFACE('',#265,2.75);
#265 = AXIS2_PLACEMENT_3D('',#266,#267,#268);
#266 = CARTESIAN_POINT('',(3.75,-1.21E-15,0.375));
#267 = DIRECTION('',(1.,-3.3E-16,0.));
#268 = DIRECTION('',(-3.63E-32,-1.1E-16,-1.));
#269 = ADVANCED_FACE('',(#270),#285,.T.);
#270 = FACE_BOUND('',#271,.F.);
#271 = EDGE_LOOP('',(#272,#273,#280));
#272 = ORIENTED_EDGE('',*,*,#212,.F.);
#273 = ORIENTED_EDGE('',*,*,#274,.F.);
#274 = EDGE_CURVE('',#275,#181,#277,.T.);
#275 = VERTEX_POINT('',#276);
#276 = CARTESIAN_POINT('',(10.57280000096,-1.83721E-10,-2.98606748034));
#277 = B_SPLINE_CURVE_WITH_KNOTS('',1,(#278,#279),.UNSPECIFIED.,.F.,.F.,
  (2,2),(-0.705599999989,-0.),.PIECEWISE_BEZIER_KNOTS.);
#278 = CARTESIAN_POINT('',(10.57280000096,-1.8371943E-10,-2.98606748034)
  );
#279 = CARTESIAN_POINT('',(10.220000000949,-1.8718528E-10,
    -2.374999955449));
#280 = ORIENTED_EDGE('',*,*,#281,.F.);
#281 = EDGE_CURVE('',#189,#275,#282,.T.);
#282 = B_SPLINE_CURVE_WITH_KNOTS('',1,(#283,#284),.UNSPECIFIED.,.F.,.F.,
  (2,2),(-0.705599999977,-0.),.PIECEWISE_BEZIER_KNOTS.);
#283 = CARTESIAN_POINT('',(10.925600000948,-1.8726373E-10,
    -2.374999955451));
#284 = CARTESIAN_POINT('',(10.57280000096,-1.8371943E-10,-2.98606748034)
  );
#285 = PLANE('',#286);
#286 = AXIS2_PLACEMENT_3D('',#287,#288,#289);
#287 = CARTESIAN_POINT('',(10.572800000953,-1.859804E-10,-2.578689130411
    ));
#288 = DIRECTION('',(1.0917E-13,1.,5.73541E-12));
#289 = DIRECTION('',(3.14268E-12,-5.73541E-12,1.));
#290 = ADVANCED_FACE('',(#291),#316,.T.);
#291 = FACE_BOUND('',#292,.T.);
#292 = EDGE_LOOP('',(#293,#294,#301,#315));
#293 = ORIENTED_EDGE('',*,*,#188,.F.);
#294 = ORIENTED_EDGE('',*,*,#295,.T.);
#295 = EDGE_CURVE('',#179,#296,#298,.T.);
#296 = VERTEX_POINT('',#297);
#297 = CARTESIAN_POINT('',(9.862800000727,-2.7301E-10,-2.986067491366));
#298 = B_SPLINE_CURVE_WITH_KNOTS('',1,(#299,#300),.UNSPECIFIED.,.F.,.F.,
  (2,2),(-0.705599999977,-0.),.PIECEWISE_BEZIER_KNOTS.);
#299 = CARTESIAN_POINT('',(10.215600000716,-2.7601433E-10,
    -2.374999966477));
#300 = CARTESIAN_POINT('',(9.862800000727,-2.7307103E-10,-2.986067491366
    ));
#301 = ORIENTED_EDGE('',*,*,#302,.T.);
#302 = EDGE_CURVE('',#296,#275,#303,.T.);
#303 = B_SPLINE_CURVE_WITH_KNOTS('',10,(#304,#305,#306,#307,#308,#309,
    #310,#311,#312,#313,#314),.UNSPECIFIED.,.F.,.F.,(11,11),(0.,
    6.284809127382),.PIECEWISE_BEZIER_KNOTS.);
#304 = CARTESIAN_POINT('',(9.862800000727,-2.7301156E-10,-2.986067491366
    ));
#305 = CARTESIAN_POINT('',(9.933800000324,2.111821004172,-2.986067510512
    ));
#306 = CARTESIAN_POINT('',(10.004800003438,4.225340326964,
    -1.512055301517));
#307 = CARTESIAN_POINT('',(10.075799990446,5.167277025804,1.439408504509
    ));
#308 = CARTESIAN_POINT('',(10.14680002372,3.8476684849,4.809751089417));
#309 = CARTESIAN_POINT('',(10.217799966729,-1.78307477E-08,
    6.595056825899));
#310 = CARTESIAN_POINT('',(10.288800034753,-3.847668451622,
    4.809751610229));
#311 = CARTESIAN_POINT('',(10.359799977276,-5.167277046281,
    1.439407886607));
#312 = CARTESIAN_POINT('',(10.43080001137,-4.225340317735,
    -1.512054928405));
#313 = CARTESIAN_POINT('',(10.501799997819,-2.111821008049,
    -2.986067627429));
#314 = CARTESIAN_POINT('',(10.57280000096,-1.8371943E-10,-2.98606748034)
  );
#315 = ORIENTED_EDGE('',*,*,#281,.F.);
#316 = B_SPLINE_SURFACE_WITH_KNOTS('',1,10,(
    (#317,#318,#319,#320,#321,#322,#323,#324,#325,#326,#327)
    ,(#328,#329,#330,#331,#332,#333,#334,#335,#336,#337,#338
  )),.UNSPECIFIED.,.F.,.F.,.F.,(2,2),(11,11),(-0.705599999977,-0.),(0.,
    6.284809127382),.PIECEWISE_BEZIER_KNOTS.);
#317 = CARTESIAN_POINT('',(10.215600000716,-2.7595189E-10,
    -2.374999966477));
#318 = CARTESIAN_POINT('',(10.286600000313,1.727875954792,
    -2.374999985623));
#319 = CARTESIAN_POINT('',(10.357600003411,3.457141444622,
    -1.168974334642));
#320 = CARTESIAN_POINT('',(10.42859999048,4.227826947144,1.245890898776)
  );
#321 = CARTESIAN_POINT('',(10.499600023631,3.148133200055,4.003479929062
    ));
#322 = CARTESIAN_POINT('',(10.57059996678,-1.789485299E-08,
    5.464203128714));
#323 = CARTESIAN_POINT('',(10.641600034728,-3.148133166649,
    4.003480449872));
#324 = CARTESIAN_POINT('',(10.712599977241,-4.22782696769,1.245890280896
    ));
#325 = CARTESIAN_POINT('',(10.783600011378,-3.457141435368,
    -1.168973961529));
#326 = CARTESIAN_POINT('',(10.8545999978,-1.727875958683,-2.375000102534
    ));
#327 = CARTESIAN_POINT('',(10.925600000948,-1.8726373E-10,
    -2.374999955451));
#328 = CARTESIAN_POINT('',(9.862800000727,-2.7301156E-10,-2.986067491366
    ));
#329 = CARTESIAN_POINT('',(9.933800000324,2.111821004172,-2.986067510512
    ));
#330 = CARTESIAN_POINT('',(10.004800003438,4.225340326964,
    -1.512055301517));
#331 = CARTESIAN_POINT('',(10.075799990446,5.167277025804,1.439408504509
    ));
#332 = CARTESIAN_POINT('',(10.14680002372,3.8476684849,4.809751089417));
#333 = CARTESIAN_POINT('',(10.217799966729,-1.78307477E-08,
    6.595056825899));
#334 = CARTESIAN_POINT('',(10.288800034753,-3.847668451622,
    4.809751610229));
#335 = CARTESIAN_POINT('',(10.359799977276,-5.167277046281,
    1.439407886607));
#336 = CARTESIAN_POINT('',(10.43080001137,-4.225340317735,
    -1.512054928405));
#337 = CARTESIAN_POINT('',(10.501799997819,-2.111821008049,
    -2.986067627429));
#338 = CARTESIAN_POINT('',(10.57280000096,-1.8371943E-10,-2.98606748034)
  );
#339 = ADVANCED_FACE('',(#340),#381,.T.);
#340 = FACE_BOUND('',#341,.T.);
#341 = EDGE_LOOP('',(#342,#352,#366,#367));
#342 = ORIENTED_EDGE('',*,*,#343,.F.);
#343 = EDGE_CURVE('',#344,#346,#348,.T.);
#344 = VERTEX_POINT('',#345);
#345 = CARTESIAN_POINT('',(8.795600000376,-1.97486E-10,-2.374999982368)
  );
#346 = VERTEX_POINT('',#347);
#347 = CARTESIAN_POINT('',(8.800000000578,-1.55501E-10,-2.374999972855)
  );
#348 = LINE('',#349,#350);
#349 = CARTESIAN_POINT('',(3.75,-1.5E-16,-2.375));
#350 = VECTOR('',#351,1.);
#351 = DIRECTION('',(1.,-1.1E-16,-2.2E-16));
#352 = ORIENTED_EDGE('',*,*,#353,.T.);
#353 = EDGE_CURVE('',#344,#227,#354,.T.);
#354 = B_SPLINE_CURVE_WITH_KNOTS('',10,(#355,#356,#357,#358,#359,#360,
    #361,#362,#363,#364,#365),.UNSPECIFIED.,.F.,.F.,(11,11),(0.,
    6.284809127382),.PIECEWISE_BEZIER_KNOTS.);
#355 = CARTESIAN_POINT('',(8.795600000376,-1.9743265E-10,-2.374999982368
    ));
#356 = CARTESIAN_POINT('',(8.866600000609,1.727875963595,-2.374999971711
    ));
#357 = CARTESIAN_POINT('',(8.937600000224,3.457141464362,-1.16897447226)
  );
#358 = CARTESIAN_POINT('',(9.008599998133,4.227826965951,1.245891245102)
  );
#359 = CARTESIAN_POINT('',(9.079600008848,3.148133218495,4.003479345935)
  );
#360 = CARTESIAN_POINT('',(9.150599984695,-1.618526319E-08,
    5.464203907184));
#361 = CARTESIAN_POINT('',(9.221600018374,-3.148133187769,4.003479790887
    ));
#362 = CARTESIAN_POINT('',(9.292599986785,-4.2278269856,1.245890716512)
  );
#363 = CARTESIAN_POINT('',(9.363600007039,-3.457141455544,
    -1.168974152636));
#364 = CARTESIAN_POINT('',(9.434599998457,-1.727875967079,
    -2.375000071936));
#365 = CARTESIAN_POINT('',(9.505600000579,-1.5564741E-10,-2.374999972857
    ));
#366 = ORIENTED_EDGE('',*,*,#226,.T.);
#367 = ORIENTED_EDGE('',*,*,#368,.F.);
#368 = EDGE_CURVE('',#346,#229,#369,.T.);
#369 = B_SPLINE_CURVE_WITH_KNOTS('',10,(#370,#371,#372,#373,#374,#375,
    #376,#377,#378,#379,#380),.UNSPECIFIED.,.F.,.F.,(11,11),(0.,
    6.284809127382),.PIECEWISE_BEZIER_KNOTS.);
#370 = CARTESIAN_POINT('',(8.800000000578,-1.5544345E-10,-2.374999972855
    ));
#371 = CARTESIAN_POINT('',(8.871000000733,1.727875959744,-2.374999965913
    ));
#372 = CARTESIAN_POINT('',(8.942000000756,3.457141437855,-1.168974455005
    ));
#373 = CARTESIAN_POINT('',(9.012999998684,4.227826970855,1.245891266792)
  );
#374 = CARTESIAN_POINT('',(9.084000006395,3.14813318573,4.003479187366)
  );
#375 = CARTESIAN_POINT('',(9.154999990928,-7.80570214E-09,5.464204182049
    ));
#376 = CARTESIAN_POINT('',(9.226000010985,-3.148133172285,4.003479416424
    ));
#377 = CARTESIAN_POINT('',(9.296999993166,-4.227826973717,1.245890998908
    ));
#378 = CARTESIAN_POINT('',(9.36800000412,-3.457141438738,-1.168974292568
    ));
#379 = CARTESIAN_POINT('',(9.43899999963,-1.727875961056,-2.375000016953
    ));
#380 = CARTESIAN_POINT('',(9.510000000715,-2.759586E-10,-2.374999966475)
  );
#381 = CYLINDRICAL_SURFACE('',#382,2.75);
#382 = AXIS2_PLACEMENT_3D('',#383,#384,#385);
#383 = CARTESIAN_POINT('',(3.75,-1.21E-15,0.375));
#384 = DIRECTION('',(1.,-3.3E-16,0.));
#385 = DIRECTION('',(-3.63E-32,-1.1E-16,-1.));
#386 = ADVANCED_FACE('',(#387),#397,.T.);
#387 = FACE_BOUND('',#388,.T.);
#388 = EDGE_LOOP('',(#389,#390,#395,#396));
#389 = ORIENTED_EDGE('',*,*,#302,.F.);
#390 = ORIENTED_EDGE('',*,*,#391,.T.);
#391 = EDGE_CURVE('',#296,#229,#392,.T.);
#392 = B_SPLINE_CURVE_WITH_KNOTS('',1,(#393,#394),.UNSPECIFIED.,.F.,.F.,
  (2,2),(-0.705599999989,-0.),.PIECEWISE_BEZIER_KNOTS.);
#393 = CARTESIAN_POINT('',(9.862800000727,-2.7307103E-10,-2.986067491366
    ));
#394 = CARTESIAN_POINT('',(9.510000000715,-2.759586E-10,-2.374999966475)
  );
#395 = ORIENTED_EDGE('',*,*,#251,.T.);
#396 = ORIENTED_EDGE('',*,*,#274,.F.);
#397 = B_SPLINE_SURFACE_WITH_KNOTS('',1,10,(
    (#398,#399,#400,#401,#402,#403,#404,#405,#406,#407,#408)
    ,(#409,#410,#411,#412,#413,#414,#415,#416,#417,#418,#419
  )),.UNSPECIFIED.,.F.,.F.,.F.,(2,2),(11,11),(-0.705599999989,-0.),(0.,
    6.284809127382),.PIECEWISE_BEZIER_KNOTS.);
#398 = CARTESIAN_POINT('',(9.862800000727,-2.7301156E-10,-2.986067491366
    ));
#399 = CARTESIAN_POINT('',(9.933800000324,2.111821004172,-2.986067510512
    ));
#400 = CARTESIAN_POINT('',(10.004800003438,4.225340326964,
    -1.512055301517));
#401 = CARTESIAN_POINT('',(10.075799990446,5.167277025804,1.439408504509
    ));
#402 = CARTESIAN_POINT('',(10.14680002372,3.8476684849,4.809751089417));
#403 = CARTESIAN_POINT('',(10.217799966729,-1.78307477E-08,
    6.595056825899));
#404 = CARTESIAN_POINT('',(10.288800034753,-3.847668451622,
    4.809751610229));
#405 = CARTESIAN_POINT('',(10.359799977276,-5.167277046281,
    1.439407886607));
#406 = CARTESIAN_POINT('',(10.43080001137,-4.225340317735,
    -1.512054928405));
#407 = CARTESIAN_POINT('',(10.501799997819,-2.111821008049,
    -2.986067627429));
#408 = CARTESIAN_POINT('',(10.57280000096,-1.8371943E-10,-2.98606748034)
  );
#409 = CARTESIAN_POINT('',(9.510000000715,-2.7589121E-10,-2.374999966475
    ));
#410 = CARTESIAN_POINT('',(9.581000000312,1.727875954792,-2.374999985622
    ));
#411 = CARTESIAN_POINT('',(9.652000003431,3.45714144462,-1.168974334635)
  );
#412 = CARTESIAN_POINT('',(9.722999990423,4.227826947141,1.245890898754)
  );
#413 = CARTESIAN_POINT('',(9.79400002373,3.148133200053,4.003479929106)
  );
#414 = CARTESIAN_POINT('',(9.864999966671,-1.789417886E-08,
    5.464203128642));
#415 = CARTESIAN_POINT('',(9.9360000348,-3.148133166647,4.003480449941)
  );
#416 = CARTESIAN_POINT('',(10.006999977216,-4.227826967688,
    1.245890280845));
#417 = CARTESIAN_POINT('',(10.078000011382,-3.457141435366,
    -1.168973961504));
#418 = CARTESIAN_POINT('',(10.148999997801,-1.727875958682,
    -2.375000102539));
#419 = CARTESIAN_POINT('',(10.220000000949,-1.8718528E-10,
    -2.374999955449));
#420 = ADVANCED_FACE('',(#421),#446,.T.);
#421 = FACE_BOUND('',#422,.T.);
#422 = EDGE_LOOP('',(#423,#424,#431,#445));
#423 = ORIENTED_EDGE('',*,*,#236,.F.);
#424 = ORIENTED_EDGE('',*,*,#425,.T.);
#425 = EDGE_CURVE('',#227,#426,#428,.T.);
#426 = VERTEX_POINT('',#427);
#427 = CARTESIAN_POINT('',(9.152800000589,-1.52876E-10,-2.986067497746)
  );
#428 = B_SPLINE_CURVE_WITH_KNOTS('',1,(#429,#430),.UNSPECIFIED.,.F.,.F.,
  (2,2),(-0.705599999977,-0.),.PIECEWISE_BEZIER_KNOTS.);
#429 = CARTESIAN_POINT('',(9.505600000579,-1.5564741E-10,-2.374999972857
    ));
#430 = CARTESIAN_POINT('',(9.152800000589,-1.5296609E-10,-2.986067497746
    ));
#431 = ORIENTED_EDGE('',*,*,#432,.T.);
#432 = EDGE_CURVE('',#426,#296,#433,.T.);
#433 = B_SPLINE_CURVE_WITH_KNOTS('',10,(#434,#435,#436,#437,#438,#439,
    #440,#441,#442,#443,#444),.UNSPECIFIED.,.F.,.F.,(11,11),(0.,
    6.284809127382),.PIECEWISE_BEZIER_KNOTS.);
#434 = CARTESIAN_POINT('',(9.152800000589,-1.52817E-10,-2.986067497746)
  );
#435 = CARTESIAN_POINT('',(9.223800000745,2.111821009118,-2.986067490802
    ));
#436 = CARTESIAN_POINT('',(9.29480000077,4.225340320219,-1.512055421886)
  );
#437 = CARTESIAN_POINT('',(9.365799998693,5.167277049477,1.439408872539)
  );
#438 = CARTESIAN_POINT('',(9.436800006397,3.847668470631,4.809750347692)
  );
#439 = CARTESIAN_POINT('',(9.507799990977,-7.78560076E-09,6.595057879281
    ));
#440 = CARTESIAN_POINT('',(9.57880001095,-3.847668457236,4.809750576737)
  );
#441 = CARTESIAN_POINT('',(9.64979999321,-5.167277052317,1.439408604653)
  );
#442 = CARTESIAN_POINT('',(9.720800004121,-4.225340321108,-1.51205525946
    ));
#443 = CARTESIAN_POINT('',(9.791799999644,-2.111821010423,
    -2.986067541845));
#444 = CARTESIAN_POINT('',(9.862800000727,-2.7307103E-10,-2.986067491366
    ));
#445 = ORIENTED_EDGE('',*,*,#295,.F.);
#446 = B_SPLINE_SURFACE_WITH_KNOTS('',1,10,(
    (#447,#448,#449,#450,#451,#452,#453,#454,#455,#456,#457)
    ,(#458,#459,#460,#461,#462,#463,#464,#465,#466,#467,#468
  )),.UNSPECIFIED.,.F.,.F.,.F.,(2,2),(11,11),(-0.705599999977,-0.),(0.,
    6.284809127382),.PIECEWISE_BEZIER_KNOTS.);
#447 = CARTESIAN_POINT('',(9.505600000579,-1.5549917E-10,-2.374999972857
    ));
#448 = CARTESIAN_POINT('',(9.576600000734,1.727875959745,-2.374999965914
    ));
#449 = CARTESIAN_POINT('',(9.647600000758,3.457141437857,-1.168974455006
    ));
#450 = CARTESIAN_POINT('',(9.718599998684,4.227826970858,1.245891266795)
  );
#451 = CARTESIAN_POINT('',(9.789600006397,3.14813318573,4.003479187359)
  );
#452 = CARTESIAN_POINT('',(9.860599990928,-7.80312199E-09,5.464204182068
    ));
#453 = CARTESIAN_POINT('',(9.931600010987,-3.148133172289,4.003479416405
    ));
#454 = CARTESIAN_POINT('',(10.002599993167,-4.227826973718,
    1.245890998924));
#455 = CARTESIAN_POINT('',(10.073600004121,-3.45714143874,
    -1.168974292577));
#456 = CARTESIAN_POINT('',(10.144599999631,-1.727875961057,
    -2.375000016952));
#457 = CARTESIAN_POINT('',(10.215600000716,-2.7601433E-10,
    -2.374999966477));
#458 = CARTESIAN_POINT('',(9.152800000589,-1.52817E-10,-2.986067497746)
  );
#459 = CARTESIAN_POINT('',(9.223800000745,2.111821009118,-2.986067490802
    ));
#460 = CARTESIAN_POINT('',(9.29480000077,4.225340320219,-1.512055421886)
  );
#461 = CARTESIAN_POINT('',(9.365799998693,5.167277049477,1.439408872539)
  );
#462 = CARTESIAN_POINT('',(9.436800006397,3.847668470631,4.809750347692)
  );
#463 = CARTESIAN_POINT('',(9.507799990977,-7.78560076E-09,6.595057879281
    ));
#464 = CARTESIAN_POINT('',(9.57880001095,-3.847668457236,4.809750576737)
  );
#465 = CARTESIAN_POINT('',(9.64979999321,-5.167277052317,1.439408604653)
  );
#466 = CARTESIAN_POINT('',(9.720800004121,-4.225340321108,-1.51205525946
    ));
#467 = CARTESIAN_POINT('',(9.791799999644,-2.111821010423,
    -2.986067541845));
#468 = CARTESIAN_POINT('',(9.862800000727,-2.7307103E-10,-2.986067491366
    ));
#469 = ADVANCED_FACE('',(#470),#511,.T.);
#470 = FACE_BOUND('',#471,.T.);
#471 = EDGE_LOOP('',(#472,#482,#496,#497));
#472 = ORIENTED_EDGE('',*,*,#473,.F.);
#473 = EDGE_CURVE('',#474,#476,#478,.T.);
#474 = VERTEX_POINT('',#475);
#475 = CARTESIAN_POINT('',(8.085600000173,2.5691E-11,-2.374999991871));
#476 = VERTEX_POINT('',#477);
#477 = CARTESIAN_POINT('',(8.090000000375,-1.97447E-10,-2.374999982367)
  );
#478 = LINE('',#479,#480);
#479 = CARTESIAN_POINT('',(3.75,-1.5E-16,-2.375));
#480 = VECTOR('',#481,1.);
#481 = DIRECTION('',(1.,-1.1E-16,-2.2E-16));
#482 = ORIENTED_EDGE('',*,*,#483,.T.);
#483 = EDGE_CURVE('',#474,#344,#484,.T.);
#484 = B_SPLINE_CURVE_WITH_KNOTS('',10,(#485,#486,#487,#488,#489,#490,
    #491,#492,#493,#494,#495),.UNSPECIFIED.,.F.,.F.,(11,11),(0.,
    6.284809127382),.PIECEWISE_BEZIER_KNOTS.);
#485 = CARTESIAN_POINT('',(8.085600000173,2.569233E-11,-2.374999991871)
  );
#486 = CARTESIAN_POINT('',(8.156600000661,1.727875968294,-2.374999969338
    ));
#487 = CARTESIAN_POINT('',(8.227599999515,3.457141466145,-1.168974504434
    ));
#488 = CARTESIAN_POINT('',(8.298599999616,4.227826990218,1.245891331293)
  );
#489 = CARTESIAN_POINT('',(8.369600005202,3.148133210056,4.003479173734)
  );
#490 = CARTESIAN_POINT('',(8.440599989936,-1.144812273E-08,
    5.464204185629));
#491 = CARTESIAN_POINT('',(8.51160001256,-3.148133186712,4.003479524296)
  );
#492 = CARTESIAN_POINT('',(8.582599990769,-4.227827006166,1.245890915586
    ));
#493 = CARTESIAN_POINT('',(8.653600004911,-3.457141457484,
    -1.168974250205));
#494 = CARTESIAN_POINT('',(8.724599998905,-1.727875972596,
    -2.375000050942));
#495 = CARTESIAN_POINT('',(8.795600000376,-1.9752112E-10,-2.374999982368
    ));
#496 = ORIENTED_EDGE('',*,*,#343,.T.);
#497 = ORIENTED_EDGE('',*,*,#498,.F.);
#498 = EDGE_CURVE('',#476,#346,#499,.T.);
#499 = B_SPLINE_CURVE_WITH_KNOTS('',10,(#500,#501,#502,#503,#504,#505,
    #506,#507,#508,#509,#510),.UNSPECIFIED.,.F.,.F.,(11,11),(0.,
    6.284809127382),.PIECEWISE_BEZIER_KNOTS.);
#500 = CARTESIAN_POINT('',(8.090000000375,-1.9738991E-10,-2.374999982367
    ));
#501 = CARTESIAN_POINT('',(8.161000000608,1.727875963594,-2.37499997171)
  );
#502 = CARTESIAN_POINT('',(8.232000000223,3.457141464361,-1.16897447226)
  );
#503 = CARTESIAN_POINT('',(8.302999998131,4.227826965951,1.245891245098)
  );
#504 = CARTESIAN_POINT('',(8.374000008848,3.148133218492,4.00347934595)
  );
#505 = CARTESIAN_POINT('',(8.444999984693,-1.618246543E-08,
    5.464203907148));
#506 = CARTESIAN_POINT('',(8.516000018374,-3.14813318777,4.003479790927)
  );
#507 = CARTESIAN_POINT('',(8.586999986783,-4.227826985598,1.24589071648)
  );
#508 = CARTESIAN_POINT('',(8.658000007038,-3.457141455543,
    -1.168974152619));
#509 = CARTESIAN_POINT('',(8.728999998456,-1.727875967078,
    -2.375000071939));
#510 = CARTESIAN_POINT('',(8.800000000578,-1.5558869E-10,-2.374999972855
    ));
#511 = CYLINDRICAL_SURFACE('',#512,2.75);
#512 = AXIS2_PLACEMENT_3D('',#513,#514,#515);
#513 = CARTESIAN_POINT('',(3.75,-1.21E-15,0.375));
#514 = DIRECTION('',(1.,-3.3E-16,0.));
#515 = DIRECTION('',(-3.63E-32,-1.1E-16,-1.));
#516 = ADVANCED_FACE('',(#517),#527,.T.);
#517 = FACE_BOUND('',#518,.T.);
#518 = EDGE_LOOP('',(#519,#520,#525,#526));
#519 = ORIENTED_EDGE('',*,*,#432,.F.);
#520 = ORIENTED_EDGE('',*,*,#521,.T.);
#521 = EDGE_CURVE('',#426,#346,#522,.T.);
#522 = B_SPLINE_CURVE_WITH_KNOTS('',1,(#523,#524),.UNSPECIFIED.,.F.,.F.,
  (2,2),(-0.705599999989,-0.),.PIECEWISE_BEZIER_KNOTS.);
#523 = CARTESIAN_POINT('',(9.152800000589,-1.5296609E-10,-2.986067497746
    ));
#524 = CARTESIAN_POINT('',(8.800000000578,-1.5558869E-10,-2.374999972855
    ));
#525 = ORIENTED_EDGE('',*,*,#368,.T.);
#526 = ORIENTED_EDGE('',*,*,#391,.F.);
#527 = B_SPLINE_SURFACE_WITH_KNOTS('',1,10,(
    (#528,#529,#530,#531,#532,#533,#534,#535,#536,#537,#538)
    ,(#539,#540,#541,#542,#543,#544,#545,#546,#547,#548,#549
  )),.UNSPECIFIED.,.F.,.F.,.F.,(2,2),(11,11),(-0.705599999989,-0.),(0.,
    6.284809127382),.PIECEWISE_BEZIER_KNOTS.);
#528 = CARTESIAN_POINT('',(9.152800000589,-1.52817E-10,-2.986067497746)
  );
#529 = CARTESIAN_POINT('',(9.223800000745,2.111821009118,-2.986067490802
    ));
#530 = CARTESIAN_POINT('',(9.29480000077,4.225340320219,-1.512055421886)
  );
#531 = CARTESIAN_POINT('',(9.365799998693,5.167277049477,1.439408872539)
  );
#532 = CARTESIAN_POINT('',(9.436800006397,3.847668470631,4.809750347692)
  );
#533 = CARTESIAN_POINT('',(9.507799990977,-7.78560076E-09,6.595057879281
    ));
#534 = CARTESIAN_POINT('',(9.57880001095,-3.847668457236,4.809750576737)
  );
#535 = CARTESIAN_POINT('',(9.64979999321,-5.167277052317,1.439408604653)
  );
#536 = CARTESIAN_POINT('',(9.720800004121,-4.225340321108,-1.51205525946
    ));
#537 = CARTESIAN_POINT('',(9.791799999644,-2.111821010423,
    -2.986067541845));
#538 = CARTESIAN_POINT('',(9.862800000727,-2.7307103E-10,-2.986067491366
    ));
#539 = CARTESIAN_POINT('',(8.800000000578,-1.5544345E-10,-2.374999972855
    ));
#540 = CARTESIAN_POINT('',(8.871000000733,1.727875959744,-2.374999965913
    ));
#541 = CARTESIAN_POINT('',(8.942000000756,3.457141437855,-1.168974455005
    ));
#542 = CARTESIAN_POINT('',(9.012999998684,4.227826970855,1.245891266792)
  );
#543 = CARTESIAN_POINT('',(9.084000006395,3.14813318573,4.003479187366)
  );
#544 = CARTESIAN_POINT('',(9.154999990928,-7.80570214E-09,5.464204182049
    ));
#545 = CARTESIAN_POINT('',(9.226000010985,-3.148133172285,4.003479416424
    ));
#546 = CARTESIAN_POINT('',(9.296999993166,-4.227826973717,1.245890998908
    ));
#547 = CARTESIAN_POINT('',(9.36800000412,-3.457141438738,-1.168974292568
    ));
#548 = CARTESIAN_POINT('',(9.43899999963,-1.727875961056,-2.375000016953
    ));
#549 = CARTESIAN_POINT('',(9.510000000715,-2.759586E-10,-2.374999966475)
  );
#550 = ADVANCED_FACE('',(#551),#576,.T.);
#551 = FACE_BOUND('',#552,.T.);
#552 = EDGE_LOOP('',(#553,#554,#561,#575));
#553 = ORIENTED_EDGE('',*,*,#353,.F.);
#554 = ORIENTED_EDGE('',*,*,#555,.T.);
#555 = EDGE_CURVE('',#344,#556,#558,.T.);
#556 = VERTEX_POINT('',#557);
#557 = CARTESIAN_POINT('',(8.442800000388,-1.95502E-10,-2.986067507258)
  );
#558 = B_SPLINE_CURVE_WITH_KNOTS('',1,(#559,#560),.UNSPECIFIED.,.F.,.F.,
  (2,2),(-0.705599999977,-0.),.PIECEWISE_BEZIER_KNOTS.);
#559 = CARTESIAN_POINT('',(8.795600000376,-1.9752112E-10,-2.374999982368
    ));
#560 = CARTESIAN_POINT('',(8.442800000388,-1.9553423E-10,-2.986067507258
    ));
#561 = ORIENTED_EDGE('',*,*,#562,.T.);
#562 = EDGE_CURVE('',#556,#426,#563,.T.);
#563 = B_SPLINE_CURVE_WITH_KNOTS('',10,(#564,#565,#566,#567,#568,#569,
    #570,#571,#572,#573,#574),.UNSPECIFIED.,.F.,.F.,(11,11),(0.,
    6.284809127382),.PIECEWISE_BEZIER_KNOTS.);
#564 = CARTESIAN_POINT('',(8.442800000388,-1.9544589E-10,-2.986067507258
    ));
#565 = CARTESIAN_POINT('',(8.51380000062,2.111821012974,-2.986067496599)
  );
#566 = CARTESIAN_POINT('',(8.584800000243,4.225340346703,-1.51205543914)
  );
#567 = CARTESIAN_POINT('',(8.655799998111,5.167277044617,1.439408850842)
  );
#568 = CARTESIAN_POINT('',(8.726800008909,3.847668503337,4.809750506276)
  );
#569 = CARTESIAN_POINT('',(8.797799984661,-1.611712468E-08,
    6.595057604384));
#570 = CARTESIAN_POINT('',(8.868800018417,-3.847668472739,4.809750951233
    ));
#571 = CARTESIAN_POINT('',(8.939799986781,-5.167277064196,1.439408322233
    ));
#572 = CARTESIAN_POINT('',(9.010800007053,-4.225340337909,
    -1.512055119514));
#573 = CARTESIAN_POINT('',(9.081799998472,-2.111821016446,
    -2.986067596829));
#574 = CARTESIAN_POINT('',(9.152800000589,-1.5296609E-10,-2.986067497746
    ));
#575 = ORIENTED_EDGE('',*,*,#425,.F.);
#576 = B_SPLINE_SURFACE_WITH_KNOTS('',1,10,(
    (#577,#578,#579,#580,#581,#582,#583,#584,#585,#586,#587)
    ,(#588,#589,#590,#591,#592,#593,#594,#595,#596,#597,#598
  )),.UNSPECIFIED.,.F.,.F.,.F.,(2,2),(11,11),(-0.705599999977,-0.),(0.,
    6.284809127382),.PIECEWISE_BEZIER_KNOTS.);
#577 = CARTESIAN_POINT('',(8.795600000376,-1.9743265E-10,-2.374999982368
    ));
#578 = CARTESIAN_POINT('',(8.866600000609,1.727875963595,-2.374999971711
    ));
#579 = CARTESIAN_POINT('',(8.937600000224,3.457141464362,-1.16897447226)
  );
#580 = CARTESIAN_POINT('',(9.008599998133,4.227826965951,1.245891245102)
  );
#581 = CARTESIAN_POINT('',(9.079600008848,3.148133218495,4.003479345935)
  );
#582 = CARTESIAN_POINT('',(9.150599984695,-1.618526319E-08,
    5.464203907184));
#583 = CARTESIAN_POINT('',(9.221600018374,-3.148133187769,4.003479790887
    ));
#584 = CARTESIAN_POINT('',(9.292599986785,-4.2278269856,1.245890716512)
  );
#585 = CARTESIAN_POINT('',(9.363600007039,-3.457141455544,
    -1.168974152636));
#586 = CARTESIAN_POINT('',(9.434599998457,-1.727875967079,
    -2.375000071936));
#587 = CARTESIAN_POINT('',(9.505600000579,-1.5564741E-10,-2.374999972857
    ));
#588 = CARTESIAN_POINT('',(8.442800000388,-1.9544589E-10,-2.986067507258
    ));
#589 = CARTESIAN_POINT('',(8.51380000062,2.111821012974,-2.986067496599)
  );
#590 = CARTESIAN_POINT('',(8.584800000243,4.225340346703,-1.51205543914)
  );
#591 = CARTESIAN_POINT('',(8.655799998111,5.167277044617,1.439408850842)
  );
#592 = CARTESIAN_POINT('',(8.726800008909,3.847668503337,4.809750506276)
  );
#593 = CARTESIAN_POINT('',(8.797799984661,-1.611712468E-08,
    6.595057604384));
#594 = CARTESIAN_POINT('',(8.868800018417,-3.847668472739,4.809750951233
    ));
#595 = CARTESIAN_POINT('',(8.939799986781,-5.167277064196,1.439408322233
    ));
#596 = CARTESIAN_POINT('',(9.010800007053,-4.225340337909,
    -1.512055119514));
#597 = CARTESIAN_POINT('',(9.081799998472,-2.111821016446,
    -2.986067596829));
#598 = CARTESIAN_POINT('',(9.152800000589,-1.5296609E-10,-2.986067497746
    ));
#599 = ADVANCED_FACE('',(#600),#641,.T.);
#600 = FACE_BOUND('',#601,.T.);
#601 = EDGE_LOOP('',(#602,#612,#626,#627));
#602 = ORIENTED_EDGE('',*,*,#603,.F.);
#603 = EDGE_CURVE('',#604,#606,#608,.T.);
#604 = VERTEX_POINT('',#605);
#605 = CARTESIAN_POINT('',(7.375600000138,2.18692E-10,-2.374999993548));
#606 = VERTEX_POINT('',#607);
#607 = CARTESIAN_POINT('',(7.380000000172,2.5729E-11,-2.37499999187));
#608 = LINE('',#609,#610);
#609 = CARTESIAN_POINT('',(3.75,-1.5E-16,-2.375));
#610 = VECTOR('',#611,1.);
#611 = DIRECTION('',(1.,-1.1E-16,-2.2E-16));
#612 = ORIENTED_EDGE('',*,*,#613,.T.);
#613 = EDGE_CURVE('',#604,#474,#614,.T.);
#614 = B_SPLINE_CURVE_WITH_KNOTS('',10,(#615,#616,#617,#618,#619,#620,
    #621,#622,#623,#624,#625),.UNSPECIFIED.,.F.,.F.,(11,11),(0.,
    6.284809127382),.PIECEWISE_BEZIER_KNOTS.);
#615 = CARTESIAN_POINT('',(7.375600000138,2.1872051E-10,-2.374999993549)
  );
#616 = CARTESIAN_POINT('',(7.446599999963,1.727875973855,-2.375000001634
    ));
#617 = CARTESIAN_POINT('',(7.517600000937,3.45714147556,-1.168974430998)
  );
#618 = CARTESIAN_POINT('',(7.588599996933,4.22782699227,1.245891197982)
  );
#619 = CARTESIAN_POINT('',(7.659600007551,3.148133229622,4.003479335166)
  );
#620 = CARTESIAN_POINT('',(7.730599988669,-2.255391635E-08,
    5.464204105737));
#621 = CARTESIAN_POINT('',(7.801600011928,-3.148133191379,4.003479534082
    ));
#622 = CARTESIAN_POINT('',(7.872599991801,-4.227827016654,1.245890961725
    ));
#623 = CARTESIAN_POINT('',(7.943600003919,-3.457141465524,
    -1.168974292833));
#624 = CARTESIAN_POINT('',(8.014599999097,-1.727875975638,
    -2.375000042365));
#625 = CARTESIAN_POINT('',(8.085600000173,2.565717E-11,-2.37499999187));
#626 = ORIENTED_EDGE('',*,*,#473,.T.);
#627 = ORIENTED_EDGE('',*,*,#628,.F.);
#628 = EDGE_CURVE('',#606,#476,#629,.T.);
#629 = B_SPLINE_CURVE_WITH_KNOTS('',10,(#630,#631,#632,#633,#634,#635,
    #636,#637,#638,#639,#640),.UNSPECIFIED.,.F.,.F.,(11,11),(0.,
    6.284809127382),.PIECEWISE_BEZIER_KNOTS.);
#630 = CARTESIAN_POINT('',(7.380000000172,2.572964E-11,-2.37499999187));
#631 = CARTESIAN_POINT('',(7.45100000066,1.727875968294,-2.374999969337)
  );
#632 = CARTESIAN_POINT('',(7.521999999503,3.457141466144,-1.168974504437
    ));
#633 = CARTESIAN_POINT('',(7.592999999658,4.227826990218,1.245891331296)
  );
#634 = CARTESIAN_POINT('',(7.664000005155,3.148133210054,4.003479173736)
  );
#635 = CARTESIAN_POINT('',(7.734999989948,-1.144557899E-08,
    5.464204185615));
#636 = CARTESIAN_POINT('',(7.806000012572,-3.148133186714,4.003479524317
    ));
#637 = CARTESIAN_POINT('',(7.876999990764,-4.227827006164,1.245890915566
    ));
#638 = CARTESIAN_POINT('',(7.948000004912,-3.457141457484,
    -1.168974250195));
#639 = CARTESIAN_POINT('',(8.018999998903,-1.727875972595,
    -2.375000050944));
#640 = CARTESIAN_POINT('',(8.090000000375,-1.9748381E-10,-2.374999982367
    ));
#641 = CYLINDRICAL_SURFACE('',#642,2.75);
#642 = AXIS2_PLACEMENT_3D('',#643,#644,#645);
#643 = CARTESIAN_POINT('',(3.75,-1.21E-15,0.375));
#644 = DIRECTION('',(1.,-3.3E-16,0.));
#645 = DIRECTION('',(-3.63E-32,-1.1E-16,-1.));
#646 = ADVANCED_FACE('',(#647),#657,.T.);
#647 = FACE_BOUND('',#648,.T.);
#648 = EDGE_LOOP('',(#649,#650,#655,#656));
#649 = ORIENTED_EDGE('',*,*,#562,.F.);
#650 = ORIENTED_EDGE('',*,*,#651,.T.);
#651 = EDGE_CURVE('',#556,#476,#652,.T.);
#652 = B_SPLINE_CURVE_WITH_KNOTS('',1,(#653,#654),.UNSPECIFIED.,.F.,.F.,
  (2,2),(-0.705599999989,-0.),.PIECEWISE_BEZIER_KNOTS.);
#653 = CARTESIAN_POINT('',(8.442800000388,-1.9553423E-10,-2.986067507258
    ));
#654 = CARTESIAN_POINT('',(8.090000000375,-1.9748381E-10,-2.374999982367
    ));
#655 = ORIENTED_EDGE('',*,*,#498,.T.);
#656 = ORIENTED_EDGE('',*,*,#521,.F.);
#657 = B_SPLINE_SURFACE_WITH_KNOTS('',1,10,(
    (#658,#659,#660,#661,#662,#663,#664,#665,#666,#667,#668)
    ,(#669,#670,#671,#672,#673,#674,#675,#676,#677,#678,#679
  )),.UNSPECIFIED.,.F.,.F.,.F.,(2,2),(11,11),(-0.705599999989,-0.),(0.,
    6.284809127382),.PIECEWISE_BEZIER_KNOTS.);
#658 = CARTESIAN_POINT('',(8.442800000388,-1.9544589E-10,-2.986067507258
    ));
#659 = CARTESIAN_POINT('',(8.51380000062,2.111821012974,-2.986067496599)
  );
#660 = CARTESIAN_POINT('',(8.584800000243,4.225340346703,-1.51205543914)
  );
#661 = CARTESIAN_POINT('',(8.655799998111,5.167277044617,1.439408850842)
  );
#662 = CARTESIAN_POINT('',(8.726800008909,3.847668503337,4.809750506276)
  );
#663 = CARTESIAN_POINT('',(8.797799984661,-1.611712468E-08,
    6.595057604384));
#664 = CARTESIAN_POINT('',(8.868800018417,-3.847668472739,4.809750951233
    ));
#665 = CARTESIAN_POINT('',(8.939799986781,-5.167277064196,1.439408322233
    ));
#666 = CARTESIAN_POINT('',(9.010800007053,-4.225340337909,
    -1.512055119514));
#667 = CARTESIAN_POINT('',(9.081799998472,-2.111821016446,
    -2.986067596829));
#668 = CARTESIAN_POINT('',(9.152800000589,-1.5296609E-10,-2.986067497746
    ));
#669 = CARTESIAN_POINT('',(8.090000000375,-1.9738991E-10,-2.374999982367
    ));
#670 = CARTESIAN_POINT('',(8.161000000608,1.727875963594,-2.37499997171)
  );
#671 = CARTESIAN_POINT('',(8.232000000223,3.457141464361,-1.16897447226)
  );
#672 = CARTESIAN_POINT('',(8.302999998131,4.227826965951,1.245891245098)
  );
#673 = CARTESIAN_POINT('',(8.374000008848,3.148133218492,4.00347934595)
  );
#674 = CARTESIAN_POINT('',(8.444999984693,-1.618246543E-08,
    5.464203907148));
#675 = CARTESIAN_POINT('',(8.516000018374,-3.14813318777,4.003479790927)
  );
#676 = CARTESIAN_POINT('',(8.586999986783,-4.227826985598,1.24589071648)
  );
#677 = CARTESIAN_POINT('',(8.658000007038,-3.457141455543,
    -1.168974152619));
#678 = CARTESIAN_POINT('',(8.728999998456,-1.727875967078,
    -2.375000071939));
#679 = CARTESIAN_POINT('',(8.800000000578,-1.5558869E-10,-2.374999972855
    ));
#680 = ADVANCED_FACE('',(#681),#706,.T.);
#681 = FACE_BOUND('',#682,.T.);
#682 = EDGE_LOOP('',(#683,#684,#691,#705));
#683 = ORIENTED_EDGE('',*,*,#483,.F.);
#684 = ORIENTED_EDGE('',*,*,#685,.T.);
#685 = EDGE_CURVE('',#474,#686,#688,.T.);
#686 = VERTEX_POINT('',#687);
#687 = CARTESIAN_POINT('',(7.732800000183,2.7218E-11,-2.986067516761));
#688 = B_SPLINE_CURVE_WITH_KNOTS('',1,(#689,#690),.UNSPECIFIED.,.F.,.F.,
  (2,2),(-0.705599999977,-0.),.PIECEWISE_BEZIER_KNOTS.);
#689 = CARTESIAN_POINT('',(8.085600000173,2.565717E-11,-2.37499999187));
#690 = CARTESIAN_POINT('',(7.732800000183,2.7184E-11,-2.986067516761));
#691 = ORIENTED_EDGE('',*,*,#692,.T.);
#692 = EDGE_CURVE('',#686,#556,#693,.T.);
#693 = B_SPLINE_CURVE_WITH_KNOTS('',10,(#694,#695,#696,#697,#698,#699,
    #700,#701,#702,#703,#704),.UNSPECIFIED.,.F.,.F.,(11,11),(0.,
    6.284809127382),.PIECEWISE_BEZIER_KNOTS.);
#694 = CARTESIAN_POINT('',(7.732800000183,2.721558E-11,-2.986067516761)
  );
#695 = CARTESIAN_POINT('',(7.803800000671,2.111821017672,-2.986067494227
    ));
#696 = CARTESIAN_POINT('',(7.874799999541,4.225340348488,-1.512055471315
    ));
#697 = CARTESIAN_POINT('',(7.945799999608,5.16727706888,1.439408937036)
  );
#698 = CARTESIAN_POINT('',(8.016800005197,3.847668494897,4.809750334069)
  );
#699 = CARTESIAN_POINT('',(8.087799990022,-1.136585153E-08,6.59505788284
    ));
#700 = CARTESIAN_POINT('',(8.158800012475,-3.847668471704,4.809750684634
    ));
#701 = CARTESIAN_POINT('',(8.229799990851,-5.167277084743,1.439408521313
    ));
#702 = CARTESIAN_POINT('',(8.300800004896,-4.22534033986,-1.512055217086
    ));
#703 = CARTESIAN_POINT('',(8.37179999892,-2.111821021961,-2.986067575835
    ));
#704 = CARTESIAN_POINT('',(8.442800000388,-1.9553423E-10,-2.986067507258
    ));
#705 = ORIENTED_EDGE('',*,*,#555,.F.);
#706 = B_SPLINE_SURFACE_WITH_KNOTS('',1,10,(
    (#707,#708,#709,#710,#711,#712,#713,#714,#715,#716,#717)
    ,(#718,#719,#720,#721,#722,#723,#724,#725,#726,#727,#728
  )),.UNSPECIFIED.,.F.,.F.,.F.,(2,2),(11,11),(-0.705599999977,-0.),(0.,
    6.284809127382),.PIECEWISE_BEZIER_KNOTS.);
#707 = CARTESIAN_POINT('',(8.085600000173,2.569233E-11,-2.374999991871)
  );
#708 = CARTESIAN_POINT('',(8.156600000661,1.727875968294,-2.374999969338
    ));
#709 = CARTESIAN_POINT('',(8.227599999515,3.457141466145,-1.168974504434
    ));
#710 = CARTESIAN_POINT('',(8.298599999616,4.227826990218,1.245891331293)
  );
#711 = CARTESIAN_POINT('',(8.369600005202,3.148133210056,4.003479173734)
  );
#712 = CARTESIAN_POINT('',(8.440599989936,-1.144812273E-08,
    5.464204185629));
#713 = CARTESIAN_POINT('',(8.51160001256,-3.148133186712,4.003479524296)
  );
#714 = CARTESIAN_POINT('',(8.582599990769,-4.227827006166,1.245890915586
    ));
#715 = CARTESIAN_POINT('',(8.653600004911,-3.457141457484,
    -1.168974250205));
#716 = CARTESIAN_POINT('',(8.724599998905,-1.727875972596,
    -2.375000050942));
#717 = CARTESIAN_POINT('',(8.795600000376,-1.9752112E-10,-2.374999982368
    ));
#718 = CARTESIAN_POINT('',(7.732800000183,2.721558E-11,-2.986067516761)
  );
#719 = CARTESIAN_POINT('',(7.803800000671,2.111821017672,-2.986067494227
    ));
#720 = CARTESIAN_POINT('',(7.874799999541,4.225340348488,-1.512055471315
    ));
#721 = CARTESIAN_POINT('',(7.945799999608,5.16727706888,1.439408937036)
  );
#722 = CARTESIAN_POINT('',(8.016800005197,3.847668494897,4.809750334069)
  );
#723 = CARTESIAN_POINT('',(8.087799990022,-1.136585153E-08,6.59505788284
    ));
#724 = CARTESIAN_POINT('',(8.158800012475,-3.847668471704,4.809750684634
    ));
#725 = CARTESIAN_POINT('',(8.229799990851,-5.167277084743,1.439408521313
    ));
#726 = CARTESIAN_POINT('',(8.300800004896,-4.22534033986,-1.512055217086
    ));
#727 = CARTESIAN_POINT('',(8.37179999892,-2.111821021961,-2.986067575835
    ));
#728 = CARTESIAN_POINT('',(8.442800000388,-1.9553423E-10,-2.986067507258
    ));
#729 = ADVANCED_FACE('',(#730),#771,.T.);
#730 = FACE_BOUND('',#731,.T.);
#731 = EDGE_LOOP('',(#732,#742,#756,#757));
#732 = ORIENTED_EDGE('',*,*,#733,.F.);
#733 = EDGE_CURVE('',#734,#736,#738,.T.);
#734 = VERTEX_POINT('',#735);
#735 = CARTESIAN_POINT('',(6.665600000038,1.03884E-10,-2.37499999826));
#736 = VERTEX_POINT('',#737);
#737 = CARTESIAN_POINT('',(6.670000000136,2.1873E-10,-2.374999993548));
#738 = LINE('',#739,#740);
#739 = CARTESIAN_POINT('',(3.75,-1.5E-16,-2.375));
#740 = VECTOR('',#741,1.);
#741 = DIRECTION('',(1.,-1.1E-16,-2.2E-16));
#742 = ORIENTED_EDGE('',*,*,#743,.T.);
#743 = EDGE_CURVE('',#734,#604,#744,.T.);
#744 = B_SPLINE_CURVE_WITH_KNOTS('',10,(#745,#746,#747,#748,#749,#750,
    #751,#752,#753,#754,#755),.UNSPECIFIED.,.F.,.F.,(11,11),(0.,
    6.284809127382),.PIECEWISE_BEZIER_KNOTS.);
#745 = CARTESIAN_POINT('',(6.665600000038,1.0385702E-10,-2.37499999826)
  );
#746 = CARTESIAN_POINT('',(6.736600000023,1.727875975721,-2.374999998976
    ));
#747 = CARTESIAN_POINT('',(6.807600000434,3.457141476279,-1.168974452264
    ));
#748 = CARTESIAN_POINT('',(6.878599998146,4.227827007705,1.245891252851)
  );
#749 = CARTESIAN_POINT('',(6.94960000473,3.148133215526,4.003479229865)
  );
#750 = CARTESIAN_POINT('',(7.020599992651,-1.62365438E-09,5.464204267603
    ));
#751 = CARTESIAN_POINT('',(7.091600007859,-3.148133212994,4.003479380432
    ));
#752 = CARTESIAN_POINT('',(7.162599994358,-4.227827009583,1.245891072101
    ));
#753 = CARTESIAN_POINT('',(7.233600002775,-3.457141474863,
    -1.168974341762));
#754 = CARTESIAN_POINT('',(7.304599999233,-1.727875976599,
    -2.375000035902));
#755 = CARTESIAN_POINT('',(7.375600000138,2.1854572E-10,-2.374999993548)
  );
#756 = ORIENTED_EDGE('',*,*,#603,.T.);
#757 = ORIENTED_EDGE('',*,*,#758,.F.);
#758 = EDGE_CURVE('',#736,#606,#759,.T.);
#759 = B_SPLINE_CURVE_WITH_KNOTS('',10,(#760,#761,#762,#763,#764,#765,
    #766,#767,#768,#769,#770),.UNSPECIFIED.,.F.,.F.,(11,11),(0.,
    6.284809127382),.PIECEWISE_BEZIER_KNOTS.);
#760 = CARTESIAN_POINT('',(6.670000000136,2.1875852E-10,-2.374999993548)
  );
#761 = CARTESIAN_POINT('',(6.740999999962,1.727875973855,-2.375000001634
    ));
#762 = CARTESIAN_POINT('',(6.812000000937,3.45714147556,-1.168974430996)
  );
#763 = CARTESIAN_POINT('',(6.882999996932,4.227826992267,1.245891197975)
  );
#764 = CARTESIAN_POINT('',(6.95400000755,3.148133229626,4.00347933518));
#765 = CARTESIAN_POINT('',(7.024999988667,-2.255991511E-08,
    5.464204105715));
#766 = CARTESIAN_POINT('',(7.096000011928,-3.148133191374,4.003479534104
    ));
#767 = CARTESIAN_POINT('',(7.166999991799,-4.227827016655,1.245890961709
    ));
#768 = CARTESIAN_POINT('',(7.238000003918,-3.457141465523,
    -1.168974292825));
#769 = CARTESIAN_POINT('',(7.308999999095,-1.727875975638,
    -2.375000042367));
#770 = CARTESIAN_POINT('',(7.380000000172,2.569873E-11,-2.37499999187));
#771 = CYLINDRICAL_SURFACE('',#772,2.75);
#772 = AXIS2_PLACEMENT_3D('',#773,#774,#775);
#773 = CARTESIAN_POINT('',(3.75,-1.21E-15,0.375));
#774 = DIRECTION('',(1.,-3.3E-16,0.));
#775 = DIRECTION('',(-3.63E-32,-1.1E-16,-1.));
#776 = ADVANCED_FACE('',(#777),#787,.T.);
#777 = FACE_BOUND('',#778,.T.);
#778 = EDGE_LOOP('',(#779,#780,#785,#786));
#779 = ORIENTED_EDGE('',*,*,#692,.F.);
#780 = ORIENTED_EDGE('',*,*,#781,.T.);
#781 = EDGE_CURVE('',#686,#606,#782,.T.);
#782 = B_SPLINE_CURVE_WITH_KNOTS('',1,(#783,#784),.UNSPECIFIED.,.F.,.F.,
  (2,2),(-0.705599999989,-0.),.PIECEWISE_BEZIER_KNOTS.);
#783 = CARTESIAN_POINT('',(7.732800000183,2.7184E-11,-2.986067516761));
#784 = CARTESIAN_POINT('',(7.380000000172,2.569873E-11,-2.37499999187));
#785 = ORIENTED_EDGE('',*,*,#628,.T.);
#786 = ORIENTED_EDGE('',*,*,#651,.F.);
#787 = B_SPLINE_SURFACE_WITH_KNOTS('',1,10,(
    (#788,#789,#790,#791,#792,#793,#794,#795,#796,#797,#798)
    ,(#799,#800,#801,#802,#803,#804,#805,#806,#807,#808,#809
  )),.UNSPECIFIED.,.F.,.F.,.F.,(2,2),(11,11),(-0.705599999989,-0.),(0.,
    6.284809127382),.PIECEWISE_BEZIER_KNOTS.);
#788 = CARTESIAN_POINT('',(7.732800000183,2.721558E-11,-2.986067516761)
  );
#789 = CARTESIAN_POINT('',(7.803800000671,2.111821017672,-2.986067494227
    ));
#790 = CARTESIAN_POINT('',(7.874799999541,4.225340348488,-1.512055471315
    ));
#791 = CARTESIAN_POINT('',(7.945799999608,5.16727706888,1.439408937036)
  );
#792 = CARTESIAN_POINT('',(8.016800005197,3.847668494897,4.809750334069)
  );
#793 = CARTESIAN_POINT('',(8.087799990022,-1.136585153E-08,6.59505788284
    ));
#794 = CARTESIAN_POINT('',(8.158800012475,-3.847668471704,4.809750684634
    ));
#795 = CARTESIAN_POINT('',(8.229799990851,-5.167277084743,1.439408521313
    ));
#796 = CARTESIAN_POINT('',(8.300800004896,-4.22534033986,-1.512055217086
    ));
#797 = CARTESIAN_POINT('',(8.37179999892,-2.111821021961,-2.986067575835
    ));
#798 = CARTESIAN_POINT('',(8.442800000388,-1.9553423E-10,-2.986067507258
    ));
#799 = CARTESIAN_POINT('',(7.380000000172,2.572964E-11,-2.37499999187));
#800 = CARTESIAN_POINT('',(7.45100000066,1.727875968294,-2.374999969337)
  );
#801 = CARTESIAN_POINT('',(7.521999999503,3.457141466144,-1.168974504437
    ));
#802 = CARTESIAN_POINT('',(7.592999999658,4.227826990218,1.245891331296)
  );
#803 = CARTESIAN_POINT('',(7.664000005155,3.148133210054,4.003479173736)
  );
#804 = CARTESIAN_POINT('',(7.734999989948,-1.144557899E-08,
    5.464204185615));
#805 = CARTESIAN_POINT('',(7.806000012572,-3.148133186714,4.003479524317
    ));
#806 = CARTESIAN_POINT('',(7.876999990764,-4.227827006164,1.245890915566
    ));
#807 = CARTESIAN_POINT('',(7.948000004912,-3.457141457484,
    -1.168974250195));
#808 = CARTESIAN_POINT('',(8.018999998903,-1.727875972595,
    -2.375000050944));
#809 = CARTESIAN_POINT('',(8.090000000375,-1.9748381E-10,-2.374999982367
    ));
#810 = ADVANCED_FACE('',(#811),#836,.T.);
#811 = FACE_BOUND('',#812,.T.);
#812 = EDGE_LOOP('',(#813,#814,#821,#835));
#813 = ORIENTED_EDGE('',*,*,#613,.F.);
#814 = ORIENTED_EDGE('',*,*,#815,.T.);
#815 = EDGE_CURVE('',#604,#816,#818,.T.);
#816 = VERTEX_POINT('',#817);
#817 = CARTESIAN_POINT('',(7.02280000015,2.19811E-10,-2.986067518439));
#818 = B_SPLINE_CURVE_WITH_KNOTS('',1,(#819,#820),.UNSPECIFIED.,.F.,.F.,
  (2,2),(-0.705599999977,-0.),.PIECEWISE_BEZIER_KNOTS.);
#819 = CARTESIAN_POINT('',(7.375600000138,2.1854572E-10,-2.374999993548)
  );
#820 = CARTESIAN_POINT('',(7.02280000015,2.1966601E-10,-2.986067518439)
  );
#821 = ORIENTED_EDGE('',*,*,#822,.T.);
#822 = EDGE_CURVE('',#816,#686,#823,.T.);
#823 = B_SPLINE_CURVE_WITH_KNOTS('',10,(#824,#825,#826,#827,#828,#829,
    #830,#831,#832,#833,#834),.UNSPECIFIED.,.F.,.F.,(11,11),(0.,
    6.284809127382),.PIECEWISE_BEZIER_KNOTS.);
#824 = CARTESIAN_POINT('',(7.02280000015,2.1984056E-10,-2.986067518439)
  );
#825 = CARTESIAN_POINT('',(7.093799999975,2.11182102323,-2.986067526524)
  );
#826 = CARTESIAN_POINT('',(7.164800000944,4.225340357913,-1.512055397877
    ));
#827 = CARTESIAN_POINT('',(7.235799996949,5.167277070909,1.439408803719)
  );
#828 = CARTESIAN_POINT('',(7.306800007558,3.847668514501,4.809750495506)
  );
#829 = CARTESIAN_POINT('',(7.377799988691,-2.251296409E-08,
    6.595057802945));
#830 = CARTESIAN_POINT('',(7.448800011931,-3.847668476336,4.80975069442)
  );
#831 = CARTESIAN_POINT('',(7.519799991813,-5.167277095249,1.439408567455
    ));
#832 = CARTESIAN_POINT('',(7.590800003935,-4.225340347893,
    -1.512055259715));
#833 = CARTESIAN_POINT('',(7.661799999109,-2.111821025006,
    -2.986067567257));
#834 = CARTESIAN_POINT('',(7.732800000183,2.7184E-11,-2.986067516761));
#835 = ORIENTED_EDGE('',*,*,#685,.F.);
#836 = B_SPLINE_SURFACE_WITH_KNOTS('',1,10,(
    (#837,#838,#839,#840,#841,#842,#843,#844,#845,#846,#847)
    ,(#848,#849,#850,#851,#852,#853,#854,#855,#856,#857,#858
  )),.UNSPECIFIED.,.F.,.F.,.F.,(2,2),(11,11),(-0.705599999977,-0.),(0.,
    6.284809127382),.PIECEWISE_BEZIER_KNOTS.);
#837 = CARTESIAN_POINT('',(7.375600000138,2.1872051E-10,-2.374999993549)
  );
#838 = CARTESIAN_POINT('',(7.446599999963,1.727875973855,-2.375000001634
    ));
#839 = CARTESIAN_POINT('',(7.517600000937,3.45714147556,-1.168974430998)
  );
#840 = CARTESIAN_POINT('',(7.588599996933,4.22782699227,1.245891197982)
  );
#841 = CARTESIAN_POINT('',(7.659600007551,3.148133229622,4.003479335166)
  );
#842 = CARTESIAN_POINT('',(7.730599988669,-2.255391635E-08,
    5.464204105737));
#843 = CARTESIAN_POINT('',(7.801600011928,-3.148133191379,4.003479534082
    ));
#844 = CARTESIAN_POINT('',(7.872599991801,-4.227827016654,1.245890961725
    ));
#845 = CARTESIAN_POINT('',(7.943600003919,-3.457141465524,
    -1.168974292833));
#846 = CARTESIAN_POINT('',(8.014599999097,-1.727875975638,
    -2.375000042365));
#847 = CARTESIAN_POINT('',(8.085600000173,2.565717E-11,-2.37499999187));
#848 = CARTESIAN_POINT('',(7.02280000015,2.1984056E-10,-2.986067518439)
  );
#849 = CARTESIAN_POINT('',(7.093799999975,2.11182102323,-2.986067526524)
  );
#850 = CARTESIAN_POINT('',(7.164800000944,4.225340357913,-1.512055397877
    ));
#851 = CARTESIAN_POINT('',(7.235799996949,5.167277070909,1.439408803719)
  );
#852 = CARTESIAN_POINT('',(7.306800007558,3.847668514501,4.809750495506)
  );
#853 = CARTESIAN_POINT('',(7.377799988691,-2.251296409E-08,
    6.595057802945));
#854 = CARTESIAN_POINT('',(7.448800011931,-3.847668476336,4.80975069442)
  );
#855 = CARTESIAN_POINT('',(7.519799991813,-5.167277095249,1.439408567455
    ));
#856 = CARTESIAN_POINT('',(7.590800003935,-4.225340347893,
    -1.512055259715));
#857 = CARTESIAN_POINT('',(7.661799999109,-2.111821025006,
    -2.986067567257));
#858 = CARTESIAN_POINT('',(7.732800000183,2.7184E-11,-2.986067516761));
#859 = ADVANCED_FACE('',(#860),#901,.T.);
#860 = FACE_BOUND('',#861,.T.);
#861 = EDGE_LOOP('',(#862,#872,#886,#887));
#862 = ORIENTED_EDGE('',*,*,#863,.F.);
#863 = EDGE_CURVE('',#864,#866,#868,.T.);
#864 = VERTEX_POINT('',#865);
#865 = CARTESIAN_POINT('',(5.955599999999,-1.E-15,-2.375));
#866 = VERTEX_POINT('',#867);
#867 = CARTESIAN_POINT('',(5.960000000039,1.03902E-10,-2.37499999826));
#868 = LINE('',#869,#870);
#869 = CARTESIAN_POINT('',(3.75,-1.5E-16,-2.375));
#870 = VECTOR('',#871,1.);
#871 = DIRECTION('',(1.,-1.1E-16,-2.2E-16));
#872 = ORIENTED_EDGE('',*,*,#873,.T.);
#873 = EDGE_CURVE('',#864,#734,#874,.T.);
#874 = B_SPLINE_CURVE_WITH_KNOTS('',10,(#875,#876,#877,#878,#879,#880,
    #881,#882,#883,#884,#885),.UNSPECIFIED.,.F.,.F.,(11,11),(0.,
    6.284809127382),.PIECEWISE_BEZIER_KNOTS.);
#875 = CARTESIAN_POINT('',(5.955599999999,2.7E-16,-2.375));
#876 = CARTESIAN_POINT('',(6.026599999838,1.727875977164,-2.375000007606
    ));
#877 = CARTESIAN_POINT('',(6.097600000522,3.45714148439,-1.168974447553)
  );
#878 = CARTESIAN_POINT('',(6.168599998149,4.227827004182,1.24589126093)
  );
#879 = CARTESIAN_POINT('',(6.239600003923,3.148133227512,4.003479186648)
  );
#880 = CARTESIAN_POINT('',(6.310599994175,-4.60186761E-09,5.464204369157
    ));
#881 = CARTESIAN_POINT('',(6.381600005772,-3.148133217707,4.003479272253
    ));
#882 = CARTESIAN_POINT('',(6.452599995948,-4.227827012544,1.245891159371
    ));
#883 = CARTESIAN_POINT('',(6.523600001834,-3.457141479822,
    -1.168974386165));
#884 = CARTESIAN_POINT('',(6.594599999435,-1.727875978628,
    -2.375000026452));
#885 = CARTESIAN_POINT('',(6.665600000038,1.0393313E-10,-2.37499999826)
  );
#886 = ORIENTED_EDGE('',*,*,#733,.T.);
#887 = ORIENTED_EDGE('',*,*,#888,.F.);
#888 = EDGE_CURVE('',#866,#736,#889,.T.);
#889 = B_SPLINE_CURVE_WITH_KNOTS('',10,(#890,#891,#892,#893,#894,#895,
    #896,#897,#898,#899,#900),.UNSPECIFIED.,.F.,.F.,(11,11),(0.,
    6.284809127382),.PIECEWISE_BEZIER_KNOTS.);
#890 = CARTESIAN_POINT('',(5.960000000039,1.0387583E-10,-2.37499999826)
  );
#891 = CARTESIAN_POINT('',(6.031000000024,1.727875975721,-2.374999998976
    ));
#892 = CARTESIAN_POINT('',(6.102000000443,3.457141476278,-1.168974452262
    ));
#893 = CARTESIAN_POINT('',(6.172999998104,4.227827007706,1.245891252843)
  );
#894 = CARTESIAN_POINT('',(6.244000004833,3.148133215525,4.003479229885)
  );
#895 = CARTESIAN_POINT('',(6.314999992509,-1.62255926E-09,5.464204267576
    ));
#896 = CARTESIAN_POINT('',(6.386000007983,-3.148133212995,4.003479380457
    ));
#897 = CARTESIAN_POINT('',(6.456999994291,-4.227827009582,1.245891072085
    ));
#898 = CARTESIAN_POINT('',(6.528000002798,-3.457141474863,
    -1.168974341755));
#899 = CARTESIAN_POINT('',(6.598999999232,-1.727875976599,
    -2.375000035904));
#900 = CARTESIAN_POINT('',(6.670000000136,2.1858408E-10,-2.374999993548)
  );
#901 = CYLINDRICAL_SURFACE('',#902,2.75);
#902 = AXIS2_PLACEMENT_3D('',#903,#904,#905);
#903 = CARTESIAN_POINT('',(3.75,-1.21E-15,0.375));
#904 = DIRECTION('',(1.,-3.3E-16,0.));
#905 = DIRECTION('',(-3.63E-32,-1.1E-16,-1.));
#906 = ADVANCED_FACE('',(#907),#917,.T.);
#907 = FACE_BOUND('',#908,.T.);
#908 = EDGE_LOOP('',(#909,#910,#915,#916));
#909 = ORIENTED_EDGE('',*,*,#822,.F.);
#910 = ORIENTED_EDGE('',*,*,#911,.T.);
#911 = EDGE_CURVE('',#816,#736,#912,.T.);
#912 = B_SPLINE_CURVE_WITH_KNOTS('',1,(#913,#914),.UNSPECIFIED.,.F.,.F.,
  (2,2),(-0.705599999989,-0.),.PIECEWISE_BEZIER_KNOTS.);
#913 = CARTESIAN_POINT('',(7.02280000015,2.1966601E-10,-2.986067518439)
  );
#914 = CARTESIAN_POINT('',(6.670000000136,2.1858408E-10,-2.374999993548)
  );
#915 = ORIENTED_EDGE('',*,*,#758,.T.);
#916 = ORIENTED_EDGE('',*,*,#781,.F.);
#917 = B_SPLINE_SURFACE_WITH_KNOTS('',1,10,(
    (#918,#919,#920,#921,#922,#923,#924,#925,#926,#927,#928)
    ,(#929,#930,#931,#932,#933,#934,#935,#936,#937,#938,#939
  )),.UNSPECIFIED.,.F.,.F.,.F.,(2,2),(11,11),(-0.705599999989,-0.),(0.,
    6.284809127382),.PIECEWISE_BEZIER_KNOTS.);
#918 = CARTESIAN_POINT('',(7.02280000015,2.1984056E-10,-2.986067518439)
  );
#919 = CARTESIAN_POINT('',(7.093799999975,2.11182102323,-2.986067526524)
  );
#920 = CARTESIAN_POINT('',(7.164800000944,4.225340357913,-1.512055397877
    ));
#921 = CARTESIAN_POINT('',(7.235799996949,5.167277070909,1.439408803719)
  );
#922 = CARTESIAN_POINT('',(7.306800007558,3.847668514501,4.809750495506)
  );
#923 = CARTESIAN_POINT('',(7.377799988691,-2.251296409E-08,
    6.595057802945));
#924 = CARTESIAN_POINT('',(7.448800011931,-3.847668476336,4.80975069442)
  );
#925 = CARTESIAN_POINT('',(7.519799991813,-5.167277095249,1.439408567455
    ));
#926 = CARTESIAN_POINT('',(7.590800003935,-4.225340347893,
    -1.512055259715));
#927 = CARTESIAN_POINT('',(7.661799999109,-2.111821025006,
    -2.986067567257));
#928 = CARTESIAN_POINT('',(7.732800000183,2.7184E-11,-2.986067516761));
#929 = CARTESIAN_POINT('',(6.670000000136,2.1875852E-10,-2.374999993548)
  );
#930 = CARTESIAN_POINT('',(6.740999999962,1.727875973855,-2.375000001634
    ));
#931 = CARTESIAN_POINT('',(6.812000000937,3.45714147556,-1.168974430996)
  );
#932 = CARTESIAN_POINT('',(6.882999996932,4.227826992267,1.245891197975)
  );
#933 = CARTESIAN_POINT('',(6.95400000755,3.148133229626,4.00347933518));
#934 = CARTESIAN_POINT('',(7.024999988667,-2.255991511E-08,
    5.464204105715));
#935 = CARTESIAN_POINT('',(7.096000011928,-3.148133191374,4.003479534104
    ));
#936 = CARTESIAN_POINT('',(7.166999991799,-4.227827016655,1.245890961709
    ));
#937 = CARTESIAN_POINT('',(7.238000003918,-3.457141465523,
    -1.168974292825));
#938 = CARTESIAN_POINT('',(7.308999999095,-1.727875975638,
    -2.375000042367));
#939 = CARTESIAN_POINT('',(7.380000000172,2.569873E-11,-2.37499999187));
#940 = ADVANCED_FACE('',(#941),#966,.T.);
#941 = FACE_BOUND('',#942,.T.);
#942 = EDGE_LOOP('',(#943,#944,#951,#965));
#943 = ORIENTED_EDGE('',*,*,#743,.F.);
#944 = ORIENTED_EDGE('',*,*,#945,.T.);
#945 = EDGE_CURVE('',#734,#946,#948,.T.);
#946 = VERTEX_POINT('',#947);
#947 = CARTESIAN_POINT('',(6.312800000051,1.04454E-10,-2.98606752315));
#948 = B_SPLINE_CURVE_WITH_KNOTS('',1,(#949,#950),.UNSPECIFIED.,.F.,.F.,
  (2,2),(-0.705599999977,-0.),.PIECEWISE_BEZIER_KNOTS.);
#949 = CARTESIAN_POINT('',(6.665600000038,1.0393313E-10,-2.37499999826)
  );
#950 = CARTESIAN_POINT('',(6.312800000051,1.0450227E-10,-2.98606752315)
  );
#951 = ORIENTED_EDGE('',*,*,#952,.T.);
#952 = EDGE_CURVE('',#946,#816,#953,.T.);
#953 = B_SPLINE_CURVE_WITH_KNOTS('',10,(#954,#955,#956,#957,#958,#959,
    #960,#961,#962,#963,#964),.UNSPECIFIED.,.F.,.F.,(11,11),(0.,
    6.284809127382),.PIECEWISE_BEZIER_KNOTS.);
#954 = CARTESIAN_POINT('',(6.312800000051,1.0442308E-10,-2.98606752315)
  );
#955 = CARTESIAN_POINT('',(6.383800000035,2.111821025096,-2.986067523866
    ));
#956 = CARTESIAN_POINT('',(6.454800000451,4.225340358631,-1.512055419144
    ));
#957 = CARTESIAN_POINT('',(6.525799998137,5.167277086344,1.439408858586)
  );
#958 = CARTESIAN_POINT('',(6.59680000477,3.847668500412,4.80975039021));
#959 = CARTESIAN_POINT('',(6.667799992648,-1.59426976E-09,6.595057964803
    ));
#960 = CARTESIAN_POINT('',(6.738800007869,-3.847668497935,4.809750540778
    ));
#961 = CARTESIAN_POINT('',(6.809799994379,-5.167277088191,1.439408677829
    ));
#962 = CARTESIAN_POINT('',(6.880800002781,-4.225340357226,
    -1.512055308643));
#963 = CARTESIAN_POINT('',(6.951799999247,-2.111821025969,
    -2.986067560794));
#964 = CARTESIAN_POINT('',(7.02280000015,2.1966601E-10,-2.986067518439)
  );
#965 = ORIENTED_EDGE('',*,*,#815,.F.);
#966 = B_SPLINE_SURFACE_WITH_KNOTS('',1,10,(
    (#967,#968,#969,#970,#971,#972,#973,#974,#975,#976,#977)
    ,(#978,#979,#980,#981,#982,#983,#984,#985,#986,#987,#988
  )),.UNSPECIFIED.,.F.,.F.,.F.,(2,2),(11,11),(-0.705599999977,-0.),(0.,
    6.284809127382),.PIECEWISE_BEZIER_KNOTS.);
#967 = CARTESIAN_POINT('',(6.665600000038,1.0385702E-10,-2.37499999826)
  );
#968 = CARTESIAN_POINT('',(6.736600000023,1.727875975721,-2.374999998976
    ));
#969 = CARTESIAN_POINT('',(6.807600000434,3.457141476279,-1.168974452264
    ));
#970 = CARTESIAN_POINT('',(6.878599998146,4.227827007705,1.245891252851)
  );
#971 = CARTESIAN_POINT('',(6.94960000473,3.148133215526,4.003479229865)
  );
#972 = CARTESIAN_POINT('',(7.020599992651,-1.62365438E-09,5.464204267603
    ));
#973 = CARTESIAN_POINT('',(7.091600007859,-3.148133212994,4.003479380432
    ));
#974 = CARTESIAN_POINT('',(7.162599994358,-4.227827009583,1.245891072101
    ));
#975 = CARTESIAN_POINT('',(7.233600002775,-3.457141474863,
    -1.168974341762));
#976 = CARTESIAN_POINT('',(7.304599999233,-1.727875976599,
    -2.375000035902));
#977 = CARTESIAN_POINT('',(7.375600000138,2.1854572E-10,-2.374999993548)
  );
#978 = CARTESIAN_POINT('',(6.312800000051,1.0442308E-10,-2.98606752315)
  );
#979 = CARTESIAN_POINT('',(6.383800000035,2.111821025096,-2.986067523866
    ));
#980 = CARTESIAN_POINT('',(6.454800000451,4.225340358631,-1.512055419144
    ));
#981 = CARTESIAN_POINT('',(6.525799998137,5.167277086344,1.439408858586)
  );
#982 = CARTESIAN_POINT('',(6.59680000477,3.847668500412,4.80975039021));
#983 = CARTESIAN_POINT('',(6.667799992648,-1.59426976E-09,6.595057964803
    ));
#984 = CARTESIAN_POINT('',(6.738800007869,-3.847668497935,4.809750540778
    ));
#985 = CARTESIAN_POINT('',(6.809799994379,-5.167277088191,1.439408677829
    ));
#986 = CARTESIAN_POINT('',(6.880800002781,-4.225340357226,
    -1.512055308643));
#987 = CARTESIAN_POINT('',(6.951799999247,-2.111821025969,
    -2.986067560794));
#988 = CARTESIAN_POINT('',(7.02280000015,2.1966601E-10,-2.986067518439)
  );
#989 = ADVANCED_FACE('',(#990),#1031,.T.);
#990 = FACE_BOUND('',#991,.T.);
#991 = EDGE_LOOP('',(#992,#1001,#1009,#1015,#1016,#1030));
#992 = ORIENTED_EDGE('',*,*,#993,.T.);
#993 = EDGE_CURVE('',#994,#994,#996,.T.);
#994 = VERTEX_POINT('',#995);
#995 = CARTESIAN_POINT('',(3.75,-3.E-15,-2.375));
#996 = CIRCLE('',#997,2.75);
#997 = AXIS2_PLACEMENT_3D('',#998,#999,#1000);
#998 = CARTESIAN_POINT('',(3.75,-1.21E-15,0.375));
#999 = DIRECTION('',(1.,1.1E-16,4.4E-16));
#1000 = DIRECTION('',(4.4E-16,-1.1E-16,-1.));
#1001 = ORIENTED_EDGE('',*,*,#1002,.T.);
#1002 = EDGE_CURVE('',#994,#1003,#1005,.T.);
#1003 = VERTEX_POINT('',#1004);
#1004 = CARTESIAN_POINT('',(5.25,-1.E-15,-2.375));
#1005 = LINE('',#1006,#1007);
#1006 = CARTESIAN_POINT('',(3.75,-1.5E-16,-2.375));
#1007 = VECTOR('',#1008,1.);
#1008 = DIRECTION('',(1.,-1.1E-16,-2.2E-16));
#1009 = ORIENTED_EDGE('',*,*,#1010,.T.);
#1010 = EDGE_CURVE('',#1003,#864,#1011,.T.);
#1011 = LINE('',#1012,#1013);
#1012 = CARTESIAN_POINT('',(3.75,-1.5E-16,-2.375));
#1013 = VECTOR('',#1014,1.);
#1014 = DIRECTION('',(1.,-1.1E-16,-2.2E-16));
#1015 = ORIENTED_EDGE('',*,*,#863,.T.);
#1016 = ORIENTED_EDGE('',*,*,#1017,.F.);
#1017 = EDGE_CURVE('',#1003,#866,#1018,.T.);
#1018 = B_SPLINE_CURVE_WITH_KNOTS('',10,(#1019,#1020,#1021,#1022,#1023,
    #1024,#1025,#1026,#1027,#1028,#1029),.UNSPECIFIED.,.F.,.F.,(11,11),(
    0.,6.284809127382),.PIECEWISE_BEZIER_KNOTS.);
#1019 = CARTESIAN_POINT('',(5.25,1.E-17,-2.375));
#1020 = CARTESIAN_POINT('',(5.320999999839,1.727875977164,
    -2.375000007606));
#1021 = CARTESIAN_POINT('',(5.392000000523,3.45714148439,-1.168974447552
    ));
#1022 = CARTESIAN_POINT('',(5.46299999815,4.227827004183,1.245891260925)
  );
#1023 = CARTESIAN_POINT('',(5.534000003923,3.148133227512,4.003479186659
    ));
#1024 = CARTESIAN_POINT('',(5.604999994176,-4.60041899E-09,
    5.464204369142));
#1025 = CARTESIAN_POINT('',(5.676000005772,-3.148133217708,4.00347927227
    ));
#1026 = CARTESIAN_POINT('',(5.746999995949,-4.227827012544,
    1.245891159359));
#1027 = CARTESIAN_POINT('',(5.818000001835,-3.457141479822,
    -1.16897438616));
#1028 = CARTESIAN_POINT('',(5.888999999436,-1.727875978628,
    -2.375000026453));
#1029 = CARTESIAN_POINT('',(5.960000000039,1.0395242E-10,-2.37499999826)
  );
#1030 = ORIENTED_EDGE('',*,*,#1002,.F.);
#1031 = CYLINDRICAL_SURFACE('',#1032,2.75);
#1032 = AXIS2_PLACEMENT_3D('',#1033,#1034,#1035);
#1033 = CARTESIAN_POINT('',(3.75,-1.21E-15,0.375));
#1034 = DIRECTION('',(1.,-3.3E-16,0.));
#1035 = DIRECTION('',(-3.63E-32,-1.1E-16,-1.));
#1036 = ADVANCED_FACE('',(#1037),#1047,.T.);
#1037 = FACE_BOUND('',#1038,.T.);
#1038 = EDGE_LOOP('',(#1039,#1040,#1045,#1046));
#1039 = ORIENTED_EDGE('',*,*,#952,.F.);
#1040 = ORIENTED_EDGE('',*,*,#1041,.T.);
#1041 = EDGE_CURVE('',#946,#866,#1042,.T.);
#1042 = B_SPLINE_CURVE_WITH_KNOTS('',1,(#1043,#1044),.UNSPECIFIED.,.F.,
  .F.,(2,2),(-0.705599999989,-0.),.PIECEWISE_BEZIER_KNOTS.);
#1043 = CARTESIAN_POINT('',(6.312800000051,1.0450227E-10,-2.98606752315)
  );
#1044 = CARTESIAN_POINT('',(5.960000000039,1.0395242E-10,-2.37499999826)
  );
#1045 = ORIENTED_EDGE('',*,*,#888,.T.);
#1046 = ORIENTED_EDGE('',*,*,#911,.F.);
#1047 = B_SPLINE_SURFACE_WITH_KNOTS('',1,10,(
    (#1048,#1049,#1050,#1051,#1052,#1053,#1054,#1055,#1056,#1057,#1058)
    ,(#1059,#1060,#1061,#1062,#1063,#1064,#1065,#1066,#1067,#1068,#1069
    )),.UNSPECIFIED.,.F.,.F.,.F.,(2,2),(11,11),(-0.705599999989,-0.),(0.
    ,6.284809127382),.PIECEWISE_BEZIER_KNOTS.);
#1048 = CARTESIAN_POINT('',(6.312800000051,1.0442308E-10,-2.98606752315)
  );
#1049 = CARTESIAN_POINT('',(6.383800000035,2.111821025096,
    -2.986067523866));
#1050 = CARTESIAN_POINT('',(6.454800000451,4.225340358631,
    -1.512055419144));
#1051 = CARTESIAN_POINT('',(6.525799998137,5.167277086344,1.439408858586
    ));
#1052 = CARTESIAN_POINT('',(6.59680000477,3.847668500412,4.80975039021)
  );
#1053 = CARTESIAN_POINT('',(6.667799992648,-1.59426976E-09,
    6.595057964803));
#1054 = CARTESIAN_POINT('',(6.738800007869,-3.847668497935,
    4.809750540778));
#1055 = CARTESIAN_POINT('',(6.809799994379,-5.167277088191,
    1.439408677829));
#1056 = CARTESIAN_POINT('',(6.880800002781,-4.225340357226,
    -1.512055308643));
#1057 = CARTESIAN_POINT('',(6.951799999247,-2.111821025969,
    -2.986067560794));
#1058 = CARTESIAN_POINT('',(7.02280000015,2.1966601E-10,-2.986067518439)
  );
#1059 = CARTESIAN_POINT('',(5.960000000039,1.0387583E-10,-2.37499999826)
  );
#1060 = CARTESIAN_POINT('',(6.031000000024,1.727875975721,
    -2.374999998976));
#1061 = CARTESIAN_POINT('',(6.102000000443,3.457141476278,
    -1.168974452262));
#1062 = CARTESIAN_POINT('',(6.172999998104,4.227827007706,1.245891252843
    ));
#1063 = CARTESIAN_POINT('',(6.244000004833,3.148133215525,4.003479229885
    ));
#1064 = CARTESIAN_POINT('',(6.314999992509,-1.62255926E-09,
    5.464204267576));
#1065 = CARTESIAN_POINT('',(6.386000007983,-3.148133212995,
    4.003479380457));
#1066 = CARTESIAN_POINT('',(6.456999994291,-4.227827009582,
    1.245891072085));
#1067 = CARTESIAN_POINT('',(6.528000002798,-3.457141474863,
    -1.168974341755));
#1068 = CARTESIAN_POINT('',(6.598999999232,-1.727875976599,
    -2.375000035904));
#1069 = CARTESIAN_POINT('',(6.670000000136,2.1858408E-10,-2.374999993548
    ));
#1070 = ADVANCED_FACE('',(#1071),#1096,.T.);
#1071 = FACE_BOUND('',#1072,.T.);
#1072 = EDGE_LOOP('',(#1073,#1074,#1081,#1095));
#1073 = ORIENTED_EDGE('',*,*,#873,.F.);
#1074 = ORIENTED_EDGE('',*,*,#1075,.T.);
#1075 = EDGE_CURVE('',#864,#1076,#1078,.T.);
#1076 = VERTEX_POINT('',#1077);
#1077 = CARTESIAN_POINT('',(5.602800000011,-2.E-15,-2.986067524891));
#1078 = B_SPLINE_CURVE_WITH_KNOTS('',1,(#1079,#1080),.UNSPECIFIED.,.F.,
  .F.,(2,2),(-0.705599999977,-0.),.PIECEWISE_BEZIER_KNOTS.);
#1079 = CARTESIAN_POINT('',(5.955599999999,2.7E-16,-2.375));
#1080 = CARTESIAN_POINT('',(5.602800000011,-8.E-16,-2.986067524891));
#1081 = ORIENTED_EDGE('',*,*,#1082,.T.);
#1082 = EDGE_CURVE('',#1076,#946,#1083,.T.);
#1083 = B_SPLINE_CURVE_WITH_KNOTS('',10,(#1084,#1085,#1086,#1087,#1088,
    #1089,#1090,#1091,#1092,#1093,#1094),.UNSPECIFIED.,.F.,.F.,(11,11),(
    0.,6.284809127382),.PIECEWISE_BEZIER_KNOTS.);
#1084 = CARTESIAN_POINT('',(5.602800000011,-8.E-16,-2.986067524891));
#1085 = CARTESIAN_POINT('',(5.673799999851,2.111821026539,
    -2.986067532497));
#1086 = CARTESIAN_POINT('',(5.744800000532,4.225340366741,
    -1.512055414435));
#1087 = CARTESIAN_POINT('',(5.815799998168,5.167277082826,1.439408866665
    ));
#1088 = CARTESIAN_POINT('',(5.88680000392,3.847668512392,4.809750346987)
  );
#1089 = CARTESIAN_POINT('',(5.957799994207,-4.56434106E-09,
    6.595058066364));
#1090 = CARTESIAN_POINT('',(6.028800005765,-3.847668502652,
    4.809750432592));
#1091 = CARTESIAN_POINT('',(6.099799995973,-5.16727709115,1.439408765104
    ));
#1092 = CARTESIAN_POINT('',(6.170800001841,-4.225340362186,
    -1.512055353047));
#1093 = CARTESIAN_POINT('',(6.241799999448,-2.111821027998,
    -2.986067551343));
#1094 = CARTESIAN_POINT('',(6.312800000051,1.0450227E-10,-2.98606752315)
  );
#1095 = ORIENTED_EDGE('',*,*,#945,.F.);
#1096 = B_SPLINE_SURFACE_WITH_KNOTS('',1,10,(
    (#1097,#1098,#1099,#1100,#1101,#1102,#1103,#1104,#1105,#1106,#1107)
    ,(#1108,#1109,#1110,#1111,#1112,#1113,#1114,#1115,#1116,#1117,#1118
    )),.UNSPECIFIED.,.F.,.F.,.F.,(2,2),(11,11),(-0.705599999977,-0.),(0.
    ,6.284809127382),.PIECEWISE_BEZIER_KNOTS.);
#1097 = CARTESIAN_POINT('',(5.955599999999,2.7E-16,-2.375));
#1098 = CARTESIAN_POINT('',(6.026599999838,1.727875977164,
    -2.375000007606));
#1099 = CARTESIAN_POINT('',(6.097600000522,3.45714148439,-1.168974447553
    ));
#1100 = CARTESIAN_POINT('',(6.168599998149,4.227827004182,1.24589126093)
  );
#1101 = CARTESIAN_POINT('',(6.239600003923,3.148133227512,4.003479186648
    ));
#1102 = CARTESIAN_POINT('',(6.310599994175,-4.60186761E-09,
    5.464204369157));
#1103 = CARTESIAN_POINT('',(6.381600005772,-3.148133217707,
    4.003479272253));
#1104 = CARTESIAN_POINT('',(6.452599995948,-4.227827012544,
    1.245891159371));
#1105 = CARTESIAN_POINT('',(6.523600001834,-3.457141479822,
    -1.168974386165));
#1106 = CARTESIAN_POINT('',(6.594599999435,-1.727875978628,
    -2.375000026452));
#1107 = CARTESIAN_POINT('',(6.665600000038,1.0393313E-10,-2.37499999826)
  );
#1108 = CARTESIAN_POINT('',(5.602800000011,-8.E-16,-2.986067524891));
#1109 = CARTESIAN_POINT('',(5.673799999851,2.111821026539,
    -2.986067532497));
#1110 = CARTESIAN_POINT('',(5.744800000532,4.225340366741,
    -1.512055414435));
#1111 = CARTESIAN_POINT('',(5.815799998168,5.167277082826,1.439408866665
    ));
#1112 = CARTESIAN_POINT('',(5.88680000392,3.847668512392,4.809750346987)
  );
#1113 = CARTESIAN_POINT('',(5.957799994207,-4.56434106E-09,
    6.595058066364));
#1114 = CARTESIAN_POINT('',(6.028800005765,-3.847668502652,
    4.809750432592));
#1115 = CARTESIAN_POINT('',(6.099799995973,-5.16727709115,1.439408765104
    ));
#1116 = CARTESIAN_POINT('',(6.170800001841,-4.225340362186,
    -1.512055353047));
#1117 = CARTESIAN_POINT('',(6.241799999448,-2.111821027998,
    -2.986067551343));
#1118 = CARTESIAN_POINT('',(6.312800000051,1.0450227E-10,-2.98606752315)
  );
#1119 = ADVANCED_FACE('',(#1120,#1154),#1157,.T.);
#1120 = FACE_BOUND('',#1121,.T.);
#1121 = EDGE_LOOP('',(#1122,#1132,#1140,#1148));
#1122 = ORIENTED_EDGE('',*,*,#1123,.T.);
#1123 = EDGE_CURVE('',#1124,#1126,#1128,.T.);
#1124 = VERTEX_POINT('',#1125);
#1125 = CARTESIAN_POINT('',(3.75,-3.175,3.55));
#1126 = VERTEX_POINT('',#1127);
#1127 = CARTESIAN_POINT('',(3.75,-3.175,-2.8));
#1128 = LINE('',#1129,#1130);
#1129 = CARTESIAN_POINT('',(3.75,-3.175,3.55));
#1130 = VECTOR('',#1131,1.);
#1131 = DIRECTION('',(2.E-15,1.22E-15,-1.));
#1132 = ORIENTED_EDGE('',*,*,#1133,.T.);
#1133 = EDGE_CURVE('',#1126,#1134,#1136,.T.);
#1134 = VERTEX_POINT('',#1135);
#1135 = CARTESIAN_POINT('',(3.75,3.175,-2.8));
#1136 = LINE('',#1137,#1138);
#1137 = CARTESIAN_POINT('',(3.75,-3.175,-2.8));
#1138 = VECTOR('',#1139,1.);
#1139 = DIRECTION('',(-1.89E-15,1.,-1.44E-15));
#1140 = ORIENTED_EDGE('',*,*,#1141,.T.);
#1141 = EDGE_CURVE('',#1134,#1142,#1144,.T.);
#1142 = VERTEX_POINT('',#1143);
#1143 = CARTESIAN_POINT('',(3.75,3.175,3.55));
#1144 = LINE('',#1145,#1146);
#1145 = CARTESIAN_POINT('',(3.75,3.175,-2.8));
#1146 = VECTOR('',#1147,1.);
#1147 = DIRECTION('',(-2.E-15,-1.22E-15,1.));
#1148 = ORIENTED_EDGE('',*,*,#1149,.T.);
#1149 = EDGE_CURVE('',#1142,#1124,#1150,.T.);
#1150 = LINE('',#1151,#1152);
#1151 = CARTESIAN_POINT('',(3.75,3.175,3.55));
#1152 = VECTOR('',#1153,1.);
#1153 = DIRECTION('',(1.89E-15,-1.,1.44E-15));
#1154 = FACE_BOUND('',#1155,.T.);
#1155 = EDGE_LOOP('',(#1156));
#1156 = ORIENTED_EDGE('',*,*,#993,.F.);
#1157 = PLANE('',#1158);
#1158 = AXIS2_PLACEMENT_3D('',#1159,#1160,#1161);
#1159 = CARTESIAN_POINT('',(3.75,-1.31E-15,0.375));
#1160 = DIRECTION('',(1.,-7.8E-16,-6.7E-16));
#1161 = DIRECTION('',(6.7E-16,-1.22E-15,1.));
#1162 = ADVANCED_FACE('',(#1163),#1173,.T.);
#1163 = FACE_BOUND('',#1164,.T.);
#1164 = EDGE_LOOP('',(#1165,#1166,#1171,#1172));
#1165 = ORIENTED_EDGE('',*,*,#1082,.F.);
#1166 = ORIENTED_EDGE('',*,*,#1167,.T.);
#1167 = EDGE_CURVE('',#1076,#1003,#1168,.T.);
#1168 = B_SPLINE_CURVE_WITH_KNOTS('',1,(#1169,#1170),.UNSPECIFIED.,.F.,
  .F.,(2,2),(-0.705599999989,-0.),.PIECEWISE_BEZIER_KNOTS.);
#1169 = CARTESIAN_POINT('',(5.602800000011,-8.E-16,-2.986067524891));
#1170 = CARTESIAN_POINT('',(5.25,1.E-17,-2.375));
#1171 = ORIENTED_EDGE('',*,*,#1017,.T.);
#1172 = ORIENTED_EDGE('',*,*,#1041,.F.);
#1173 = B_SPLINE_SURFACE_WITH_KNOTS('',1,10,(
    (#1174,#1175,#1176,#1177,#1178,#1179,#1180,#1181,#1182,#1183,#1184)
    ,(#1185,#1186,#1187,#1188,#1189,#1190,#1191,#1192,#1193,#1194,#1195
    )),.UNSPECIFIED.,.F.,.F.,.F.,(2,2),(11,11),(-0.705599999989,-0.),(0.
    ,6.284809127382),.PIECEWISE_BEZIER_KNOTS.);
#1174 = CARTESIAN_POINT('',(5.602800000011,-8.E-16,-2.986067524891));
#1175 = CARTESIAN_POINT('',(5.673799999851,2.111821026539,
    -2.986067532497));
#1176 = CARTESIAN_POINT('',(5.744800000532,4.225340366741,
    -1.512055414435));
#1177 = CARTESIAN_POINT('',(5.815799998168,5.167277082826,1.439408866665
    ));
#1178 = CARTESIAN_POINT('',(5.88680000392,3.847668512392,4.809750346987)
  );
#1179 = CARTESIAN_POINT('',(5.957799994207,-4.56434106E-09,
    6.595058066364));
#1180 = CARTESIAN_POINT('',(6.028800005765,-3.847668502652,
    4.809750432592));
#1181 = CARTESIAN_POINT('',(6.099799995973,-5.16727709115,1.439408765104
    ));
#1182 = CARTESIAN_POINT('',(6.170800001841,-4.225340362186,
    -1.512055353047));
#1183 = CARTESIAN_POINT('',(6.241799999448,-2.111821027998,
    -2.986067551343));
#1184 = CARTESIAN_POINT('',(6.312800000051,1.0450227E-10,-2.98606752315)
  );
#1185 = CARTESIAN_POINT('',(5.25,1.E-17,-2.375));
#1186 = CARTESIAN_POINT('',(5.320999999839,1.727875977164,
    -2.375000007606));
#1187 = CARTESIAN_POINT('',(5.392000000523,3.45714148439,-1.168974447552
    ));
#1188 = CARTESIAN_POINT('',(5.46299999815,4.227827004183,1.245891260925)
  );
#1189 = CARTESIAN_POINT('',(5.534000003923,3.148133227512,4.003479186659
    ));
#1190 = CARTESIAN_POINT('',(5.604999994176,-4.60041899E-09,
    5.464204369142));
#1191 = CARTESIAN_POINT('',(5.676000005772,-3.148133217708,4.00347927227
    ));
#1192 = CARTESIAN_POINT('',(5.746999995949,-4.227827012544,
    1.245891159359));
#1193 = CARTESIAN_POINT('',(5.818000001835,-3.457141479822,
    -1.16897438616));
#1194 = CARTESIAN_POINT('',(5.888999999436,-1.727875978628,
    -2.375000026453));
#1195 = CARTESIAN_POINT('',(5.960000000039,1.0395242E-10,-2.37499999826)
  );
#1196 = ADVANCED_FACE('',(#1197),#1202,.F.);
#1197 = FACE_BOUND('',#1198,.T.);
#1198 = EDGE_LOOP('',(#1199,#1200,#1201));
#1199 = ORIENTED_EDGE('',*,*,#1010,.F.);
#1200 = ORIENTED_EDGE('',*,*,#1167,.F.);
#1201 = ORIENTED_EDGE('',*,*,#1075,.F.);
#1202 = PLANE('',#1203);
#1203 = AXIS2_PLACEMENT_3D('',#1204,#1205,#1206);
#1204 = CARTESIAN_POINT('',(5.602800000001,-3.52E-15,-2.578689174962));
#1205 = DIRECTION('',(-2.2E-16,1.,-5.6E-16));
#1206 = DIRECTION('',(-5.6E-16,5.6E-16,1.));
#1207 = ADVANCED_FACE('',(#1208),#1281,.T.);
#1208 = FACE_BOUND('',#1209,.T.);
#1209 = EDGE_LOOP('',(#1210,#1218,#1226,#1234,#1242,#1250,#1258,#1266,
    #1274,#1280));
#1210 = ORIENTED_EDGE('',*,*,#1211,.F.);
#1211 = EDGE_CURVE('',#1212,#1124,#1214,.T.);
#1212 = VERTEX_POINT('',#1213);
#1213 = CARTESIAN_POINT('',(2.1,-3.175,3.55));
#1214 = LINE('',#1215,#1216);
#1215 = CARTESIAN_POINT('',(2.1,-3.175,3.55));
#1216 = VECTOR('',#1217,1.);
#1217 = DIRECTION('',(1.,-7.8E-16,-4.4E-16));
#1218 = ORIENTED_EDGE('',*,*,#1219,.T.);
#1219 = EDGE_CURVE('',#1212,#1220,#1222,.T.);
#1220 = VERTEX_POINT('',#1221);
#1221 = CARTESIAN_POINT('',(2.1,-3.175,1.02));
#1222 = LINE('',#1223,#1224);
#1223 = CARTESIAN_POINT('',(2.1,-3.175,3.55));
#1224 = VECTOR('',#1225,1.);
#1225 = DIRECTION('',(2.E-15,1.22E-15,-1.));
#1226 = ORIENTED_EDGE('',*,*,#1227,.T.);
#1227 = EDGE_CURVE('',#1220,#1228,#1230,.T.);
#1228 = VERTEX_POINT('',#1229);
#1229 = CARTESIAN_POINT('',(-1.71,-3.175,1.02));
#1230 = LINE('',#1231,#1232);
#1231 = CARTESIAN_POINT('',(2.1,-3.175,1.02));
#1232 = VECTOR('',#1233,1.);
#1233 = DIRECTION('',(-1.,6.7E-16,3.3E-16));
#1234 = ORIENTED_EDGE('',*,*,#1235,.F.);
#1235 = EDGE_CURVE('',#1236,#1228,#1238,.T.);
#1236 = VERTEX_POINT('',#1237);
#1237 = CARTESIAN_POINT('',(-1.71,-3.175,5.E-15));
#1238 = LINE('',#1239,#1240);
#1239 = CARTESIAN_POINT('',(-1.71,-3.175,8.437694987151E-15));
#1240 = VECTOR('',#1241,1.);
#1241 = DIRECTION('',(-1.67E-15,-1.E-15,1.));
#1242 = ORIENTED_EDGE('',*,*,#1243,.F.);
#1243 = EDGE_CURVE('',#1244,#1236,#1246,.T.);
#1244 = VERTEX_POINT('',#1245);
#1245 = CARTESIAN_POINT('',(2.1,-3.175,7.E-15));
#1246 = LINE('',#1247,#1248);
#1247 = CARTESIAN_POINT('',(2.1,-3.175,3.19E-15));
#1248 = VECTOR('',#1249,1.);
#1249 = DIRECTION('',(-1.,6.7E-16,3.3E-16));
#1250 = ORIENTED_EDGE('',*,*,#1251,.T.);
#1251 = EDGE_CURVE('',#1244,#1252,#1254,.T.);
#1252 = VERTEX_POINT('',#1253);
#1253 = CARTESIAN_POINT('',(2.1,-3.175,-1.73));
#1254 = LINE('',#1255,#1256);
#1255 = CARTESIAN_POINT('',(2.1,-3.175,3.55));
#1256 = VECTOR('',#1257,1.);
#1257 = DIRECTION('',(2.E-15,1.22E-15,-1.));
#1258 = ORIENTED_EDGE('',*,*,#1259,.T.);
#1259 = EDGE_CURVE('',#1252,#1260,#1262,.T.);
#1260 = VERTEX_POINT('',#1261);
#1261 = CARTESIAN_POINT('',(-1.71,-3.175,-1.73));
#1262 = LINE('',#1263,#1264);
#1263 = CARTESIAN_POINT('',(2.1,-3.175,-1.73));
#1264 = VECTOR('',#1265,1.);
#1265 = DIRECTION('',(-1.,6.7E-16,3.3E-16));
#1266 = ORIENTED_EDGE('',*,*,#1267,.F.);
#1267 = EDGE_CURVE('',#1268,#1260,#1270,.T.);
#1268 = VERTEX_POINT('',#1269);
#1269 = CARTESIAN_POINT('',(-1.71,-3.175,-2.8));
#1270 = LINE('',#1271,#1272);
#1271 = CARTESIAN_POINT('',(-1.71,-3.175,-2.8));
#1272 = VECTOR('',#1273,1.);
#1273 = DIRECTION('',(-1.67E-15,-1.E-15,1.));
#1274 = ORIENTED_EDGE('',*,*,#1275,.F.);
#1275 = EDGE_CURVE('',#1126,#1268,#1276,.T.);
#1276 = LINE('',#1277,#1278);
#1277 = CARTESIAN_POINT('',(2.1,-3.175,-2.8));
#1278 = VECTOR('',#1279,1.);
#1279 = DIRECTION('',(-1.,6.7E-16,3.3E-16));
#1280 = ORIENTED_EDGE('',*,*,#1123,.F.);
#1281 = PLANE('',#1282);
#1282 = AXIS2_PLACEMENT_3D('',#1283,#1284,#1285);
#1283 = CARTESIAN_POINT('',(1.338313060179,-3.175,-0.236014724712));
#1284 = DIRECTION('',(1.06E-15,-1.,1.E-15));
#1285 = DIRECTION('',(-1.,-1.06E-15,3.3E-16));
#1286 = ADVANCED_FACE('',(#1287),#1305,.F.);
#1287 = FACE_BOUND('',#1288,.F.);
#1288 = EDGE_LOOP('',(#1289,#1297,#1298,#1299));
#1289 = ORIENTED_EDGE('',*,*,#1290,.T.);
#1290 = EDGE_CURVE('',#1291,#1142,#1293,.T.);
#1291 = VERTEX_POINT('',#1292);
#1292 = CARTESIAN_POINT('',(2.1,3.175,3.55));
#1293 = LINE('',#1294,#1295);
#1294 = CARTESIAN_POINT('',(2.1,3.175,3.55));
#1295 = VECTOR('',#1296,1.);
#1296 = DIRECTION('',(1.,-7.8E-16,-4.4E-16));
#1297 = ORIENTED_EDGE('',*,*,#1149,.T.);
#1298 = ORIENTED_EDGE('',*,*,#1211,.F.);
#1299 = ORIENTED_EDGE('',*,*,#1300,.F.);
#1300 = EDGE_CURVE('',#1291,#1212,#1301,.T.);
#1301 = LINE('',#1302,#1303);
#1302 = CARTESIAN_POINT('',(2.1,3.175,3.55));
#1303 = VECTOR('',#1304,1.);
#1304 = DIRECTION('',(1.89E-15,-1.,1.44E-15));
#1305 = PLANE('',#1306);
#1306 = AXIS2_PLACEMENT_3D('',#1307,#1308,#1309);
#1307 = CARTESIAN_POINT('',(2.1,3.175,3.55));
#1308 = DIRECTION('',(1.78E-15,7.8E-16,-1.));
#1309 = DIRECTION('',(1.67E-15,-1.,-7.8E-16));
#1310 = ADVANCED_FACE('',(#1311),#1361,.T.);
#1311 = FACE_BOUND('',#1312,.T.);
#1312 = EDGE_LOOP('',(#1313,#1314,#1322,#1330,#1338,#1346,#1354,#1360));
#1313 = ORIENTED_EDGE('',*,*,#1275,.T.);
#1314 = ORIENTED_EDGE('',*,*,#1315,.F.);
#1315 = EDGE_CURVE('',#1316,#1268,#1318,.T.);
#1316 = VERTEX_POINT('',#1317);
#1317 = CARTESIAN_POINT('',(-1.71,-2.365,-2.8));
#1318 = LINE('',#1319,#1320);
#1319 = CARTESIAN_POINT('',(-1.71,-2.365,-2.8));
#1320 = VECTOR('',#1321,1.);
#1321 = DIRECTION('',(1.55E-15,-1.,1.22E-15));
#1322 = ORIENTED_EDGE('',*,*,#1323,.F.);
#1323 = EDGE_CURVE('',#1324,#1316,#1326,.T.);
#1324 = VERTEX_POINT('',#1325);
#1325 = CARTESIAN_POINT('',(2.1,-2.365,-2.8));
#1326 = LINE('',#1327,#1328);
#1327 = CARTESIAN_POINT('',(2.1,-2.365,-2.8));
#1328 = VECTOR('',#1329,1.);
#1329 = DIRECTION('',(-1.,6.7E-16,3.3E-16));
#1330 = ORIENTED_EDGE('',*,*,#1331,.T.);
#1331 = EDGE_CURVE('',#1324,#1332,#1334,.T.);
#1332 = VERTEX_POINT('',#1333);
#1333 = CARTESIAN_POINT('',(2.1,2.365,-2.8));
#1334 = LINE('',#1335,#1336);
#1335 = CARTESIAN_POINT('',(2.1,-3.175,-2.8));
#1336 = VECTOR('',#1337,1.);
#1337 = DIRECTION('',(-1.89E-15,1.,-1.44E-15));
#1338 = ORIENTED_EDGE('',*,*,#1339,.T.);
#1339 = EDGE_CURVE('',#1332,#1340,#1342,.T.);
#1340 = VERTEX_POINT('',#1341);
#1341 = CARTESIAN_POINT('',(-1.71,2.365,-2.8));
#1342 = LINE('',#1343,#1344);
#1343 = CARTESIAN_POINT('',(2.1,2.365,-2.8));
#1344 = VECTOR('',#1345,1.);
#1345 = DIRECTION('',(-1.,6.7E-16,3.3E-16));
#1346 = ORIENTED_EDGE('',*,*,#1347,.F.);
#1347 = EDGE_CURVE('',#1348,#1340,#1350,.T.);
#1348 = VERTEX_POINT('',#1349);
#1349 = CARTESIAN_POINT('',(-1.71,3.175,-2.8));
#1350 = LINE('',#1351,#1352);
#1351 = CARTESIAN_POINT('',(-1.71,3.175,-2.8));
#1352 = VECTOR('',#1353,1.);
#1353 = DIRECTION('',(1.55E-15,-1.,1.22E-15));
#1354 = ORIENTED_EDGE('',*,*,#1355,.F.);
#1355 = EDGE_CURVE('',#1134,#1348,#1356,.T.);
#1356 = LINE('',#1357,#1358);
#1357 = CARTESIAN_POINT('',(2.1,3.175,-2.8));
#1358 = VECTOR('',#1359,1.);
#1359 = DIRECTION('',(-1.,6.7E-16,3.3E-16));
#1360 = ORIENTED_EDGE('',*,*,#1133,.F.);
#1361 = PLANE('',#1362);
#1362 = AXIS2_PLACEMENT_3D('',#1363,#1364,#1365);
#1363 = CARTESIAN_POINT('',(1.395633802817,7.E-16,-2.8));
#1364 = DIRECTION('',(1.44E-15,3.E-16,-1.));
#1365 = DIRECTION('',(1.33E-15,-1.,-3.E-16));
#1366 = ADVANCED_FACE('',(#1367),#1426,.T.);
#1367 = FACE_BOUND('',#1368,.T.);
#1368 = EDGE_LOOP('',(#1369,#1370,#1378,#1386,#1394,#1402,#1410,#1418,
    #1424,#1425));
#1369 = ORIENTED_EDGE('',*,*,#1355,.T.);
#1370 = ORIENTED_EDGE('',*,*,#1371,.F.);
#1371 = EDGE_CURVE('',#1372,#1348,#1374,.T.);
#1372 = VERTEX_POINT('',#1373);
#1373 = CARTESIAN_POINT('',(-1.71,3.175,-1.73));
#1374 = LINE('',#1375,#1376);
#1375 = CARTESIAN_POINT('',(-1.71,3.175,-1.73));
#1376 = VECTOR('',#1377,1.);
#1377 = DIRECTION('',(1.67E-15,1.E-15,-1.));
#1378 = ORIENTED_EDGE('',*,*,#1379,.F.);
#1379 = EDGE_CURVE('',#1380,#1372,#1382,.T.);
#1380 = VERTEX_POINT('',#1381);
#1381 = CARTESIAN_POINT('',(2.1,3.175,-1.73));
#1382 = LINE('',#1383,#1384);
#1383 = CARTESIAN_POINT('',(2.1,3.175,-1.73));
#1384 = VECTOR('',#1385,1.);
#1385 = DIRECTION('',(-1.,6.7E-16,3.3E-16));
#1386 = ORIENTED_EDGE('',*,*,#1387,.T.);
#1387 = EDGE_CURVE('',#1380,#1388,#1390,.T.);
#1388 = VERTEX_POINT('',#1389);
#1389 = CARTESIAN_POINT('',(2.1,3.175,-5.E-15));
#1390 = LINE('',#1391,#1392);
#1391 = CARTESIAN_POINT('',(2.1,3.175,-2.8));
#1392 = VECTOR('',#1393,1.);
#1393 = DIRECTION('',(-2.E-15,-1.22E-15,1.));
#1394 = ORIENTED_EDGE('',*,*,#1395,.T.);
#1395 = EDGE_CURVE('',#1388,#1396,#1398,.T.);
#1396 = VERTEX_POINT('',#1397);
#1397 = CARTESIAN_POINT('',(-1.71,3.175,-7.E-15));
#1398 = LINE('',#1399,#1400);
#1399 = CARTESIAN_POINT('',(2.1,3.175,-5.45E-15));
#1400 = VECTOR('',#1401,1.);
#1401 = DIRECTION('',(-1.,6.7E-16,3.3E-16));
#1402 = ORIENTED_EDGE('',*,*,#1403,.F.);
#1403 = EDGE_CURVE('',#1404,#1396,#1406,.T.);
#1404 = VERTEX_POINT('',#1405);
#1405 = CARTESIAN_POINT('',(-1.71,3.175,1.02));
#1406 = LINE('',#1407,#1408);
#1407 = CARTESIAN_POINT('',(-1.71,3.175,1.02));
#1408 = VECTOR('',#1409,1.);
#1409 = DIRECTION('',(1.67E-15,1.E-15,-1.));
#1410 = ORIENTED_EDGE('',*,*,#1411,.F.);
#1411 = EDGE_CURVE('',#1412,#1404,#1414,.T.);
#1412 = VERTEX_POINT('',#1413);
#1413 = CARTESIAN_POINT('',(2.1,3.175,1.02));
#1414 = LINE('',#1415,#1416);
#1415 = CARTESIAN_POINT('',(2.1,3.175,1.02));
#1416 = VECTOR('',#1417,1.);
#1417 = DIRECTION('',(-1.,6.7E-16,3.3E-16));
#1418 = ORIENTED_EDGE('',*,*,#1419,.T.);
#1419 = EDGE_CURVE('',#1412,#1291,#1420,.T.);
#1420 = LINE('',#1421,#1422);
#1421 = CARTESIAN_POINT('',(2.1,3.175,-2.8));
#1422 = VECTOR('',#1423,1.);
#1423 = DIRECTION('',(-2.E-15,-1.22E-15,1.));
#1424 = ORIENTED_EDGE('',*,*,#1290,.T.);
#1425 = ORIENTED_EDGE('',*,*,#1141,.F.);
#1426 = PLANE('',#1427);
#1427 = AXIS2_PLACEMENT_3D('',#1428,#1429,#1430);
#1428 = CARTESIAN_POINT('',(1.338313060179,3.175,-0.236014724712));
#1429 = DIRECTION('',(-9.6E-16,1.,-1.E-15));
#1430 = DIRECTION('',(1.,9.6E-16,-3.3E-16));
#1431 = ADVANCED_FACE('',(#1432),#1476,.F.);
#1432 = FACE_BOUND('',#1433,.F.);
#1433 = EDGE_LOOP('',(#1434,#1435,#1436,#1437,#1445,#1453,#1462,#1470));
#1434 = ORIENTED_EDGE('',*,*,#1419,.T.);
#1435 = ORIENTED_EDGE('',*,*,#1300,.T.);
#1436 = ORIENTED_EDGE('',*,*,#1219,.T.);
#1437 = ORIENTED_EDGE('',*,*,#1438,.T.);
#1438 = EDGE_CURVE('',#1220,#1439,#1441,.T.);
#1439 = VERTEX_POINT('',#1440);
#1440 = CARTESIAN_POINT('',(2.1,-2.365,1.02));
#1441 = LINE('',#1442,#1443);
#1442 = CARTESIAN_POINT('',(2.1,-3.175,1.02));
#1443 = VECTOR('',#1444,1.);
#1444 = DIRECTION('',(-1.55E-15,1.,-1.22E-15));
#1445 = ORIENTED_EDGE('',*,*,#1446,.T.);
#1446 = EDGE_CURVE('',#1439,#1447,#1449,.T.);
#1447 = VERTEX_POINT('',#1448);
#1448 = CARTESIAN_POINT('',(2.1,-2.365,0.375));
#1449 = LINE('',#1450,#1451);
#1450 = CARTESIAN_POINT('',(2.1,-2.365,1.02));
#1451 = VECTOR('',#1452,1.);
#1452 = DIRECTION('',(1.67E-15,1.E-15,-1.));
#1453 = ORIENTED_EDGE('',*,*,#1454,.T.);
#1454 = EDGE_CURVE('',#1447,#1455,#1457,.T.);
#1455 = VERTEX_POINT('',#1456);
#1456 = CARTESIAN_POINT('',(2.1,2.365,0.375));
#1457 = CIRCLE('',#1458,2.365);
#1458 = AXIS2_PLACEMENT_3D('',#1459,#1460,#1461);
#1459 = CARTESIAN_POINT('',(2.1,-9.9E-16,0.375));
#1460 = DIRECTION('',(-1.,-1.22E-15,-1.33E-15));
#1461 = DIRECTION('',(-1.22E-15,1.,-1.E-15));
#1462 = ORIENTED_EDGE('',*,*,#1463,.T.);
#1463 = EDGE_CURVE('',#1455,#1464,#1466,.T.);
#1464 = VERTEX_POINT('',#1465);
#1465 = CARTESIAN_POINT('',(2.1,2.365,1.02));
#1466 = LINE('',#1467,#1468);
#1467 = CARTESIAN_POINT('',(2.1,2.365,-8.881784197001E-15));
#1468 = VECTOR('',#1469,1.);
#1469 = DIRECTION('',(-1.67E-15,-1.E-15,1.));
#1470 = ORIENTED_EDGE('',*,*,#1471,.T.);
#1471 = EDGE_CURVE('',#1464,#1412,#1472,.T.);
#1472 = LINE('',#1473,#1474);
#1473 = CARTESIAN_POINT('',(2.1,2.365,1.02));
#1474 = VECTOR('',#1475,1.);
#1475 = DIRECTION('',(-1.55E-15,1.,-1.22E-15));
#1476 = PLANE('',#1477);
#1477 = AXIS2_PLACEMENT_3D('',#1478,#1479,#1480);
#1478 = CARTESIAN_POINT('',(2.1,-2.23E-15,0.375));
#1479 = DIRECTION('',(1.,-7.8E-16,-6.7E-16));
#1480 = DIRECTION('',(6.7E-16,-1.22E-15,1.));
#1481 = ADVANCED_FACE('',(#1482),#1500,.F.);
#1482 = FACE_BOUND('',#1483,.F.);
#1483 = EDGE_LOOP('',(#1484,#1485,#1493,#1499));
#1484 = ORIENTED_EDGE('',*,*,#1227,.T.);
#1485 = ORIENTED_EDGE('',*,*,#1486,.T.);
#1486 = EDGE_CURVE('',#1228,#1487,#1489,.T.);
#1487 = VERTEX_POINT('',#1488);
#1488 = CARTESIAN_POINT('',(-1.71,-2.365,1.02));
#1489 = LINE('',#1490,#1491);
#1490 = CARTESIAN_POINT('',(-1.71,-3.175,1.02));
#1491 = VECTOR('',#1492,1.);
#1492 = DIRECTION('',(-1.55E-15,1.,-1.22E-15));
#1493 = ORIENTED_EDGE('',*,*,#1494,.F.);
#1494 = EDGE_CURVE('',#1439,#1487,#1495,.T.);
#1495 = LINE('',#1496,#1497);
#1496 = CARTESIAN_POINT('',(2.1,-2.365,1.02));
#1497 = VECTOR('',#1498,1.);
#1498 = DIRECTION('',(-1.,6.7E-16,3.3E-16));
#1499 = ORIENTED_EDGE('',*,*,#1438,.F.);
#1500 = PLANE('',#1501);
#1501 = AXIS2_PLACEMENT_3D('',#1502,#1503,#1504);
#1502 = CARTESIAN_POINT('',(2.1,-3.175,1.02));
#1503 = DIRECTION('',(1.44E-15,5.6E-16,-1.));
#1504 = DIRECTION('',(-1.33E-15,1.,5.6E-16));
#1505 = ADVANCED_FACE('',(#1506),#1524,.F.);
#1506 = FACE_BOUND('',#1507,.T.);
#1507 = EDGE_LOOP('',(#1508,#1509,#1510,#1518));
#1508 = ORIENTED_EDGE('',*,*,#1235,.T.);
#1509 = ORIENTED_EDGE('',*,*,#1486,.T.);
#1510 = ORIENTED_EDGE('',*,*,#1511,.T.);
#1511 = EDGE_CURVE('',#1487,#1512,#1514,.T.);
#1512 = VERTEX_POINT('',#1513);
#1513 = CARTESIAN_POINT('',(-1.71,-2.365,3.E-15));
#1514 = LINE('',#1515,#1516);
#1515 = CARTESIAN_POINT('',(-1.71,-2.365,1.02));
#1516 = VECTOR('',#1517,1.);
#1517 = DIRECTION('',(1.67E-15,1.E-15,-1.));
#1518 = ORIENTED_EDGE('',*,*,#1519,.T.);
#1519 = EDGE_CURVE('',#1512,#1236,#1520,.T.);
#1520 = LINE('',#1521,#1522);
#1521 = CARTESIAN_POINT('',(-1.71,-2.365,7.549516567451E-15));
#1522 = VECTOR('',#1523,1.);
#1523 = DIRECTION('',(1.55E-15,-1.,1.22E-15));
#1524 = PLANE('',#1525);
#1525 = AXIS2_PLACEMENT_3D('',#1526,#1527,#1528);
#1526 = CARTESIAN_POINT('',(-1.71,-2.73E-15,-0.896199460916));
#1527 = DIRECTION('',(1.,-6.7E-16,-5.6E-16));
#1528 = DIRECTION('',(5.6E-16,-1.E-15,1.));
#1529 = ADVANCED_FACE('',(#1530),#1548,.F.);
#1530 = FACE_BOUND('',#1531,.F.);
#1531 = EDGE_LOOP('',(#1532,#1540,#1541,#1542));
#1532 = ORIENTED_EDGE('',*,*,#1533,.T.);
#1533 = EDGE_CURVE('',#1534,#1512,#1536,.T.);
#1534 = VERTEX_POINT('',#1535);
#1535 = CARTESIAN_POINT('',(2.1,-2.365,5.E-15));
#1536 = LINE('',#1537,#1538);
#1537 = CARTESIAN_POINT('',(2.1,-2.365,2.2E-15));
#1538 = VECTOR('',#1539,1.);
#1539 = DIRECTION('',(-1.,6.7E-16,3.3E-16));
#1540 = ORIENTED_EDGE('',*,*,#1519,.T.);
#1541 = ORIENTED_EDGE('',*,*,#1243,.F.);
#1542 = ORIENTED_EDGE('',*,*,#1543,.F.);
#1543 = EDGE_CURVE('',#1534,#1244,#1544,.T.);
#1544 = LINE('',#1545,#1546);
#1545 = CARTESIAN_POINT('',(2.1,-2.365,-2.22044604925E-15));
#1546 = VECTOR('',#1547,1.);
#1547 = DIRECTION('',(1.55E-15,-1.,1.22E-15));
#1548 = PLANE('',#1549);
#1549 = AXIS2_PLACEMENT_3D('',#1550,#1551,#1552);
#1550 = CARTESIAN_POINT('',(2.1,-2.365,2.2E-15));
#1551 = DIRECTION('',(-1.44E-15,-5.6E-16,1.));
#1552 = DIRECTION('',(1.33E-15,-1.,-5.6E-16));
#1553 = ADVANCED_FACE('',(#1554),#1615,.F.);
#1554 = FACE_BOUND('',#1555,.F.);
#1555 = EDGE_LOOP('',(#1556,#1564,#1571,#1577,#1578,#1579,#1587,#1593,
    #1594,#1602,#1608,#1609));
#1556 = ORIENTED_EDGE('',*,*,#1557,.T.);
#1557 = EDGE_CURVE('',#1558,#1455,#1560,.T.);
#1558 = VERTEX_POINT('',#1559);
#1559 = CARTESIAN_POINT('',(2.1,2.365,-4.E-15));
#1560 = LINE('',#1561,#1562);
#1561 = CARTESIAN_POINT('',(2.1,2.365,-8.881784197001E-15));
#1562 = VECTOR('',#1563,1.);
#1563 = DIRECTION('',(-1.67E-15,-1.E-15,1.));
#1564 = ORIENTED_EDGE('',*,*,#1565,.T.);
#1565 = EDGE_CURVE('',#1455,#1447,#1566,.T.);
#1566 = CIRCLE('',#1567,2.365);
#1567 = AXIS2_PLACEMENT_3D('',#1568,#1569,#1570);
#1568 = CARTESIAN_POINT('',(2.1,-9.9E-16,0.375));
#1569 = DIRECTION('',(-1.,-1.22E-15,-1.33E-15));
#1570 = DIRECTION('',(-1.22E-15,1.,-1.E-15));
#1571 = ORIENTED_EDGE('',*,*,#1572,.T.);
#1572 = EDGE_CURVE('',#1447,#1534,#1573,.T.);
#1573 = LINE('',#1574,#1575);
#1574 = CARTESIAN_POINT('',(2.1,-2.365,1.02));
#1575 = VECTOR('',#1576,1.);
#1576 = DIRECTION('',(1.67E-15,1.E-15,-1.));
#1577 = ORIENTED_EDGE('',*,*,#1543,.T.);
#1578 = ORIENTED_EDGE('',*,*,#1251,.T.);
#1579 = ORIENTED_EDGE('',*,*,#1580,.T.);
#1580 = EDGE_CURVE('',#1252,#1581,#1583,.T.);
#1581 = VERTEX_POINT('',#1582);
#1582 = CARTESIAN_POINT('',(2.1,-2.365,-1.73));
#1583 = LINE('',#1584,#1585);
#1584 = CARTESIAN_POINT('',(2.1,-3.175,-1.73));
#1585 = VECTOR('',#1586,1.);
#1586 = DIRECTION('',(-1.55E-15,1.,-1.22E-15));
#1587 = ORIENTED_EDGE('',*,*,#1588,.T.);
#1588 = EDGE_CURVE('',#1581,#1324,#1589,.T.);
#1589 = LINE('',#1590,#1591);
#1590 = CARTESIAN_POINT('',(2.1,-2.365,-1.73));
#1591 = VECTOR('',#1592,1.);
#1592 = DIRECTION('',(1.67E-15,1.E-15,-1.));
#1593 = ORIENTED_EDGE('',*,*,#1331,.T.);
#1594 = ORIENTED_EDGE('',*,*,#1595,.T.);
#1595 = EDGE_CURVE('',#1332,#1596,#1598,.T.);
#1596 = VERTEX_POINT('',#1597);
#1597 = CARTESIAN_POINT('',(2.1,2.365,-1.73));
#1598 = LINE('',#1599,#1600);
#1599 = CARTESIAN_POINT('',(2.1,2.365,-2.8));
#1600 = VECTOR('',#1601,1.);
#1601 = DIRECTION('',(-1.67E-15,-1.E-15,1.));
#1602 = ORIENTED_EDGE('',*,*,#1603,.T.);
#1603 = EDGE_CURVE('',#1596,#1380,#1604,.T.);
#1604 = LINE('',#1605,#1606);
#1605 = CARTESIAN_POINT('',(2.1,2.365,-1.73));
#1606 = VECTOR('',#1607,1.);
#1607 = DIRECTION('',(-1.55E-15,1.,-1.22E-15));
#1608 = ORIENTED_EDGE('',*,*,#1387,.T.);
#1609 = ORIENTED_EDGE('',*,*,#1610,.T.);
#1610 = EDGE_CURVE('',#1388,#1558,#1611,.T.);
#1611 = LINE('',#1612,#1613);
#1612 = CARTESIAN_POINT('',(2.1,3.175,-9.769962616701E-15));
#1613 = VECTOR('',#1614,1.);
#1614 = DIRECTION('',(1.55E-15,-1.,1.22E-15));
#1615 = PLANE('',#1616);
#1616 = AXIS2_PLACEMENT_3D('',#1617,#1618,#1619);
#1617 = CARTESIAN_POINT('',(2.1,-2.23E-15,0.375));
#1618 = DIRECTION('',(1.,-7.8E-16,-6.7E-16));
#1619 = DIRECTION('',(6.7E-16,-1.22E-15,1.));
#1620 = ADVANCED_FACE('',(#1621),#1639,.F.);
#1621 = FACE_BOUND('',#1622,.F.);
#1622 = EDGE_LOOP('',(#1623,#1624,#1632,#1638));
#1623 = ORIENTED_EDGE('',*,*,#1259,.T.);
#1624 = ORIENTED_EDGE('',*,*,#1625,.T.);
#1625 = EDGE_CURVE('',#1260,#1626,#1628,.T.);
#1626 = VERTEX_POINT('',#1627);
#1627 = CARTESIAN_POINT('',(-1.71,-2.365,-1.73));
#1628 = LINE('',#1629,#1630);
#1629 = CARTESIAN_POINT('',(-1.71,-3.175,-1.73));
#1630 = VECTOR('',#1631,1.);
#1631 = DIRECTION('',(-1.55E-15,1.,-1.22E-15));
#1632 = ORIENTED_EDGE('',*,*,#1633,.F.);
#1633 = EDGE_CURVE('',#1581,#1626,#1634,.T.);
#1634 = LINE('',#1635,#1636);
#1635 = CARTESIAN_POINT('',(2.1,-2.365,-1.73));
#1636 = VECTOR('',#1637,1.);
#1637 = DIRECTION('',(-1.,6.7E-16,3.3E-16));
#1638 = ORIENTED_EDGE('',*,*,#1580,.F.);
#1639 = PLANE('',#1640);
#1640 = AXIS2_PLACEMENT_3D('',#1641,#1642,#1643);
#1641 = CARTESIAN_POINT('',(2.1,-3.175,-1.73));
#1642 = DIRECTION('',(1.44E-15,5.6E-16,-1.));
#1643 = DIRECTION('',(-1.33E-15,1.,5.6E-16));
#1644 = ADVANCED_FACE('',(#1645),#1656,.F.);
#1645 = FACE_BOUND('',#1646,.T.);
#1646 = EDGE_LOOP('',(#1647,#1648,#1654,#1655));
#1647 = ORIENTED_EDGE('',*,*,#1625,.T.);
#1648 = ORIENTED_EDGE('',*,*,#1649,.T.);
#1649 = EDGE_CURVE('',#1626,#1316,#1650,.T.);
#1650 = LINE('',#1651,#1652);
#1651 = CARTESIAN_POINT('',(-1.71,-2.365,-1.73));
#1652 = VECTOR('',#1653,1.);
#1653 = DIRECTION('',(1.67E-15,1.E-15,-1.));
#1654 = ORIENTED_EDGE('',*,*,#1315,.T.);
#1655 = ORIENTED_EDGE('',*,*,#1267,.T.);
#1656 = PLANE('',#1657);
#1657 = AXIS2_PLACEMENT_3D('',#1658,#1659,#1660);
#1658 = CARTESIAN_POINT('',(-1.71,-2.73E-15,-0.896199460916));
#1659 = DIRECTION('',(1.,-6.7E-16,-5.6E-16));
#1660 = DIRECTION('',(5.6E-16,-1.E-15,1.));
#1661 = ADVANCED_FACE('',(#1662),#1668,.F.);
#1662 = FACE_BOUND('',#1663,.F.);
#1663 = EDGE_LOOP('',(#1664,#1665,#1666,#1667));
#1664 = ORIENTED_EDGE('',*,*,#1633,.T.);
#1665 = ORIENTED_EDGE('',*,*,#1649,.T.);
#1666 = ORIENTED_EDGE('',*,*,#1323,.F.);
#1667 = ORIENTED_EDGE('',*,*,#1588,.F.);
#1668 = PLANE('',#1669);
#1669 = AXIS2_PLACEMENT_3D('',#1670,#1671,#1672);
#1670 = CARTESIAN_POINT('',(2.1,-2.365,-1.73));
#1671 = DIRECTION('',(1.11E-15,-1.,1.E-15));
#1672 = DIRECTION('',(1.67E-15,-1.E-15,-1.));
#1673 = ADVANCED_FACE('',(#1674),#1692,.F.);
#1674 = FACE_BOUND('',#1675,.F.);
#1675 = EDGE_LOOP('',(#1676,#1677,#1685,#1691));
#1676 = ORIENTED_EDGE('',*,*,#1339,.T.);
#1677 = ORIENTED_EDGE('',*,*,#1678,.T.);
#1678 = EDGE_CURVE('',#1340,#1679,#1681,.T.);
#1679 = VERTEX_POINT('',#1680);
#1680 = CARTESIAN_POINT('',(-1.71,2.365,-1.73));
#1681 = LINE('',#1682,#1683);
#1682 = CARTESIAN_POINT('',(-1.71,2.365,-2.8));
#1683 = VECTOR('',#1684,1.);
#1684 = DIRECTION('',(-1.67E-15,-1.E-15,1.));
#1685 = ORIENTED_EDGE('',*,*,#1686,.F.);
#1686 = EDGE_CURVE('',#1596,#1679,#1687,.T.);
#1687 = LINE('',#1688,#1689);
#1688 = CARTESIAN_POINT('',(2.1,2.365,-1.73));
#1689 = VECTOR('',#1690,1.);
#1690 = DIRECTION('',(-1.,6.7E-16,3.3E-16));
#1691 = ORIENTED_EDGE('',*,*,#1595,.F.);
#1692 = PLANE('',#1693);
#1693 = AXIS2_PLACEMENT_3D('',#1694,#1695,#1696);
#1694 = CARTESIAN_POINT('',(2.1,2.365,-2.8));
#1695 = DIRECTION('',(-1.11E-15,1.,-1.E-15));
#1696 = DIRECTION('',(-1.67E-15,1.E-15,1.));
#1697 = ADVANCED_FACE('',(#1698),#1709,.F.);
#1698 = FACE_BOUND('',#1699,.T.);
#1699 = EDGE_LOOP('',(#1700,#1701,#1702,#1703));
#1700 = ORIENTED_EDGE('',*,*,#1371,.T.);
#1701 = ORIENTED_EDGE('',*,*,#1347,.T.);
#1702 = ORIENTED_EDGE('',*,*,#1678,.T.);
#1703 = ORIENTED_EDGE('',*,*,#1704,.T.);
#1704 = EDGE_CURVE('',#1679,#1372,#1705,.T.);
#1705 = LINE('',#1706,#1707);
#1706 = CARTESIAN_POINT('',(-1.71,2.365,-1.73));
#1707 = VECTOR('',#1708,1.);
#1708 = DIRECTION('',(-1.55E-15,1.,-1.22E-15));
#1709 = PLANE('',#1710);
#1710 = AXIS2_PLACEMENT_3D('',#1711,#1712,#1713);
#1711 = CARTESIAN_POINT('',(-1.71,-2.73E-15,-0.896199460916));
#1712 = DIRECTION('',(1.,-6.7E-16,-5.6E-16));
#1713 = DIRECTION('',(5.6E-16,-1.E-15,1.));
#1714 = ADVANCED_FACE('',(#1715),#1721,.F.);
#1715 = FACE_BOUND('',#1716,.F.);
#1716 = EDGE_LOOP('',(#1717,#1718,#1719,#1720));
#1717 = ORIENTED_EDGE('',*,*,#1686,.T.);
#1718 = ORIENTED_EDGE('',*,*,#1704,.T.);
#1719 = ORIENTED_EDGE('',*,*,#1379,.F.);
#1720 = ORIENTED_EDGE('',*,*,#1603,.F.);
#1721 = PLANE('',#1722);
#1722 = AXIS2_PLACEMENT_3D('',#1723,#1724,#1725);
#1723 = CARTESIAN_POINT('',(2.1,2.365,-1.73));
#1724 = DIRECTION('',(1.44E-15,5.6E-16,-1.));
#1725 = DIRECTION('',(-1.33E-15,1.,5.6E-16));
#1726 = ADVANCED_FACE('',(#1727),#1745,.F.);
#1727 = FACE_BOUND('',#1728,.F.);
#1728 = EDGE_LOOP('',(#1729,#1730,#1738,#1744));
#1729 = ORIENTED_EDGE('',*,*,#1395,.T.);
#1730 = ORIENTED_EDGE('',*,*,#1731,.T.);
#1731 = EDGE_CURVE('',#1396,#1732,#1734,.T.);
#1732 = VERTEX_POINT('',#1733);
#1733 = CARTESIAN_POINT('',(-1.71,2.365,-6.E-15));
#1734 = LINE('',#1735,#1736);
#1735 = CARTESIAN_POINT('',(-1.71,3.175,0.));
#1736 = VECTOR('',#1737,1.);
#1737 = DIRECTION('',(1.55E-15,-1.,1.22E-15));
#1738 = ORIENTED_EDGE('',*,*,#1739,.F.);
#1739 = EDGE_CURVE('',#1558,#1732,#1740,.T.);
#1740 = LINE('',#1741,#1742);
#1741 = CARTESIAN_POINT('',(2.1,2.365,-4.46E-15));
#1742 = VECTOR('',#1743,1.);
#1743 = DIRECTION('',(-1.,6.7E-16,3.3E-16));
#1744 = ORIENTED_EDGE('',*,*,#1610,.F.);
#1745 = PLANE('',#1746);
#1746 = AXIS2_PLACEMENT_3D('',#1747,#1748,#1749);
#1747 = CARTESIAN_POINT('',(2.1,3.175,-5.45E-15));
#1748 = DIRECTION('',(-1.44E-15,-5.6E-16,1.));
#1749 = DIRECTION('',(1.33E-15,-1.,-5.6E-16));
#1750 = ADVANCED_FACE('',(#1751),#1769,.F.);
#1751 = FACE_BOUND('',#1752,.T.);
#1752 = EDGE_LOOP('',(#1753,#1754,#1762,#1768));
#1753 = ORIENTED_EDGE('',*,*,#1731,.T.);
#1754 = ORIENTED_EDGE('',*,*,#1755,.T.);
#1755 = EDGE_CURVE('',#1732,#1756,#1758,.T.);
#1756 = VERTEX_POINT('',#1757);
#1757 = CARTESIAN_POINT('',(-1.71,2.365,1.02));
#1758 = LINE('',#1759,#1760);
#1759 = CARTESIAN_POINT('',(-1.71,2.365,8.881784197001E-16));
#1760 = VECTOR('',#1761,1.);
#1761 = DIRECTION('',(-1.67E-15,-1.E-15,1.));
#1762 = ORIENTED_EDGE('',*,*,#1763,.T.);
#1763 = EDGE_CURVE('',#1756,#1404,#1764,.T.);
#1764 = LINE('',#1765,#1766);
#1765 = CARTESIAN_POINT('',(-1.71,2.365,1.02));
#1766 = VECTOR('',#1767,1.);
#1767 = DIRECTION('',(-1.55E-15,1.,-1.22E-15));
#1768 = ORIENTED_EDGE('',*,*,#1403,.T.);
#1769 = PLANE('',#1770);
#1770 = AXIS2_PLACEMENT_3D('',#1771,#1772,#1773);
#1771 = CARTESIAN_POINT('',(-1.71,-2.73E-15,-0.896199460916));
#1772 = DIRECTION('',(1.,-6.7E-16,-5.6E-16));
#1773 = DIRECTION('',(5.6E-16,-1.E-15,1.));
#1774 = ADVANCED_FACE('',(#1775),#1786,.F.);
#1775 = FACE_BOUND('',#1776,.F.);
#1776 = EDGE_LOOP('',(#1777,#1783,#1784,#1785));
#1777 = ORIENTED_EDGE('',*,*,#1778,.T.);
#1778 = EDGE_CURVE('',#1464,#1756,#1779,.T.);
#1779 = LINE('',#1780,#1781);
#1780 = CARTESIAN_POINT('',(2.1,2.365,1.02));
#1781 = VECTOR('',#1782,1.);
#1782 = DIRECTION('',(-1.,6.7E-16,3.3E-16));
#1783 = ORIENTED_EDGE('',*,*,#1763,.T.);
#1784 = ORIENTED_EDGE('',*,*,#1411,.F.);
#1785 = ORIENTED_EDGE('',*,*,#1471,.F.);
#1786 = PLANE('',#1787);
#1787 = AXIS2_PLACEMENT_3D('',#1788,#1789,#1790);
#1788 = CARTESIAN_POINT('',(2.1,2.365,1.02));
#1789 = DIRECTION('',(1.44E-15,5.6E-16,-1.));
#1790 = DIRECTION('',(-1.33E-15,1.,5.6E-16));
#1791 = ADVANCED_FACE('',(#1792),#1799,.F.);
#1792 = FACE_BOUND('',#1793,.F.);
#1793 = EDGE_LOOP('',(#1794,#1795,#1796,#1797,#1798));
#1794 = ORIENTED_EDGE('',*,*,#1739,.T.);
#1795 = ORIENTED_EDGE('',*,*,#1755,.T.);
#1796 = ORIENTED_EDGE('',*,*,#1778,.F.);
#1797 = ORIENTED_EDGE('',*,*,#1463,.F.);
#1798 = ORIENTED_EDGE('',*,*,#1557,.F.);
#1799 = PLANE('',#1800);
#1800 = AXIS2_PLACEMENT_3D('',#1801,#1802,#1803);
#1801 = CARTESIAN_POINT('',(2.1,2.365,-4.46E-15));
#1802 = DIRECTION('',(-1.11E-15,1.,-1.E-15));
#1803 = DIRECTION('',(-1.67E-15,1.E-15,1.));
#1804 = ADVANCED_FACE('',(#1805),#1825,.F.);
#1805 = FACE_BOUND('',#1806,.F.);
#1806 = EDGE_LOOP('',(#1807,#1808,#1816,#1823,#1824));
#1807 = ORIENTED_EDGE('',*,*,#1565,.F.);
#1808 = ORIENTED_EDGE('',*,*,#1809,.T.);
#1809 = EDGE_CURVE('',#1455,#1810,#1812,.T.);
#1810 = VERTEX_POINT('',#1811);
#1811 = CARTESIAN_POINT('',(2.2,2.365,0.375));
#1812 = LINE('',#1813,#1814);
#1813 = CARTESIAN_POINT('',(2.1,2.365,0.375));
#1814 = VECTOR('',#1815,1.);
#1815 = DIRECTION('',(1.,-5.6E-16,-2.2E-16));
#1816 = ORIENTED_EDGE('',*,*,#1817,.T.);
#1817 = EDGE_CURVE('',#1810,#1810,#1818,.T.);
#1818 = CIRCLE('',#1819,2.365);
#1819 = AXIS2_PLACEMENT_3D('',#1820,#1821,#1822);
#1820 = CARTESIAN_POINT('',(2.2,-9.6E-16,0.375));
#1821 = DIRECTION('',(-1.,-1.22E-15,-1.33E-15));
#1822 = DIRECTION('',(-1.22E-15,1.,-1.E-15));
#1823 = ORIENTED_EDGE('',*,*,#1809,.F.);
#1824 = ORIENTED_EDGE('',*,*,#1454,.F.);
#1825 = CYLINDRICAL_SURFACE('',#1826,2.365);
#1826 = AXIS2_PLACEMENT_3D('',#1827,#1828,#1829);
#1827 = CARTESIAN_POINT('',(2.1,-2.31E-15,0.375));
#1828 = DIRECTION('',(-1.,3.3E-16,0.));
#1829 = DIRECTION('',(3.3E-16,1.,-1.E-15));
#1830 = ADVANCED_FACE('',(#1831),#1838,.F.);
#1831 = FACE_BOUND('',#1832,.F.);
#1832 = EDGE_LOOP('',(#1833,#1834,#1835,#1836,#1837));
#1833 = ORIENTED_EDGE('',*,*,#1494,.T.);
#1834 = ORIENTED_EDGE('',*,*,#1511,.T.);
#1835 = ORIENTED_EDGE('',*,*,#1533,.F.);
#1836 = ORIENTED_EDGE('',*,*,#1572,.F.);
#1837 = ORIENTED_EDGE('',*,*,#1446,.F.);
#1838 = PLANE('',#1839);
#1839 = AXIS2_PLACEMENT_3D('',#1840,#1841,#1842);
#1840 = CARTESIAN_POINT('',(2.1,-2.365,1.02));
#1841 = DIRECTION('',(1.11E-15,-1.,1.E-15));
#1842 = DIRECTION('',(1.67E-15,-1.E-15,-1.));
#1843 = ADVANCED_FACE('',(#1844,#1847),#1858,.F.);
#1844 = FACE_BOUND('',#1845,.F.);
#1845 = EDGE_LOOP('',(#1846));
#1846 = ORIENTED_EDGE('',*,*,#1817,.F.);
#1847 = FACE_BOUND('',#1848,.F.);
#1848 = EDGE_LOOP('',(#1849));
#1849 = ORIENTED_EDGE('',*,*,#1850,.T.);
#1850 = EDGE_CURVE('',#1851,#1851,#1853,.T.);
#1851 = VERTEX_POINT('',#1852);
#1852 = CARTESIAN_POINT('',(2.2,0.355,0.375));
#1853 = CIRCLE('',#1854,0.355);
#1854 = AXIS2_PLACEMENT_3D('',#1855,#1856,#1857);
#1855 = CARTESIAN_POINT('',(2.2,-4.5E-16,0.375));
#1856 = DIRECTION('',(-1.,-8.9E-16,-1.E-15));
#1857 = DIRECTION('',(-8.9E-16,1.,-7.8E-16));
#1858 = PLANE('',#1859);
#1859 = AXIS2_PLACEMENT_3D('',#1860,#1861,#1862);
#1860 = CARTESIAN_POINT('',(2.2,-2.44E-15,0.375));
#1861 = DIRECTION('',(1.,-5.6E-16,-4.4E-16));
#1862 = DIRECTION('',(4.4E-16,-7.8E-16,1.));
#1863 = ADVANCED_FACE('',(#1864),#1883,.T.);
#1864 = FACE_BOUND('',#1865,.F.);
#1865 = EDGE_LOOP('',(#1866,#1874,#1881,#1882));
#1866 = ORIENTED_EDGE('',*,*,#1867,.T.);
#1867 = EDGE_CURVE('',#1851,#1868,#1870,.T.);
#1868 = VERTEX_POINT('',#1869);
#1869 = CARTESIAN_POINT('',(-1.72,0.355,0.375));
#1870 = LINE('',#1871,#1872);
#1871 = CARTESIAN_POINT('',(2.2,0.355,0.375));
#1872 = VECTOR('',#1873,1.);
#1873 = DIRECTION('',(-1.,4.4E-16,1.1E-16));
#1874 = ORIENTED_EDGE('',*,*,#1875,.T.);
#1875 = EDGE_CURVE('',#1868,#1868,#1876,.T.);
#1876 = CIRCLE('',#1877,0.355);
#1877 = AXIS2_PLACEMENT_3D('',#1878,#1879,#1880);
#1878 = CARTESIAN_POINT('',(-1.72,-1.32E-15,0.375));
#1879 = DIRECTION('',(-1.,-8.9E-16,-1.E-15));
#1880 = DIRECTION('',(-8.9E-16,1.,-7.8E-16));
#1881 = ORIENTED_EDGE('',*,*,#1867,.F.);
#1882 = ORIENTED_EDGE('',*,*,#1850,.F.);
#1883 = CYLINDRICAL_SURFACE('',#1884,0.355);
#1884 = AXIS2_PLACEMENT_3D('',#1885,#1886,#1887);
#1885 = CARTESIAN_POINT('',(2.2,-1.59E-15,0.375));
#1886 = DIRECTION('',(1.,-2.2E-16,1.1E-16));
#1887 = DIRECTION('',(2.2E-16,1.,-7.8E-16));
#1888 = ADVANCED_FACE('',(#1889),#1892,.F.);
#1889 = FACE_BOUND('',#1890,.T.);
#1890 = EDGE_LOOP('',(#1891));
#1891 = ORIENTED_EDGE('',*,*,#1875,.T.);
#1892 = PLANE('',#1893);
#1893 = AXIS2_PLACEMENT_3D('',#1894,#1895,#1896);
#1894 = CARTESIAN_POINT('',(-1.72,-2.57E-15,0.375));
#1895 = DIRECTION('',(1.,-4.4E-16,-3.3E-16));
#1896 = DIRECTION('',(3.3E-16,-5.6E-16,1.));
#1897 = ( GEOMETRIC_REPRESENTATION_CONTEXT(3) 
GLOBAL_UNCERTAINTY_ASSIGNED_CONTEXT((#1901)) 
GLOBAL_UNIT_ASSIGNED_CONTEXT((#1898,#1899,#1900)) REPRESENTATION_CONTEXT
('Context #1','3D Context with UNIT and UNCERTAINTY') );
#1898 = ( LENGTH_UNIT() NAMED_UNIT(*) SI_UNIT(.MILLI.,.METRE.) );
#1899 = ( NAMED_UNIT(*) PLANE_ANGLE_UNIT() SI_UNIT($,.RADIAN.) );
#1900 = ( NAMED_UNIT(*) SI_UNIT($,.STERADIAN.) SOLID_ANGLE_UNIT() );
#1901 = UNCERTAINTY_MEASURE_WITH_UNIT(LENGTH_MEASURE(1.E-05),#1898,
  'distance_accuracy_value','confusion accuracy');
#1902 = PRODUCT_RELATED_PRODUCT_CATEGORY('part',$,(#7));
#1903 = MECHANICAL_DESIGN_GEOMETRIC_PRESENTATION_REPRESENTATION('',(
    #1904),#1897);
#1904 = STYLED_ITEM('color',(#1905),#15);
#1905 = PRESENTATION_STYLE_ASSIGNMENT((#1906,#1912));
#1906 = SURFACE_STYLE_USAGE(.BOTH.,#1907);
#1907 = SURFACE_SIDE_STYLE('',(#1908));
#1908 = SURFACE_STYLE_FILL_AREA(#1909);
#1909 = FILL_AREA_STYLE('',(#1910));
#1910 = FILL_AREA_STYLE_COLOUR('',#1911);
#1911 = COLOUR_RGB('',0.399999997426,0.274509816483,0.);
#1912 = CURVE_STYLE('',#1913,POSITIVE_LENGTH_MEASURE(0.1),#1914);
#1913 = DRAUGHTING_PRE_DEFINED_CURVE_FONT('continuous');
#1914 = COLOUR_RGB('',9.803921802644E-02,9.803921802644E-02,
  9.803921802644E-02);
ENDSEC;
END-ISO-10303-21;
